48019624447309,0.328125,0.133453369140625,9.829376220703125,0
48019626919233,0.320953369140625,0.1262664794921875,9.862884521484375,0
48019629421675,0.316162109375,0.1406402587890625,9.831771850585938,0
48019631893598,0.320953369140625,0.1406402587890625,9.872467041015625,0
48019634365522,0.3353118896484375,0.128662109375,9.896408081054688,0
48019636867964,0.3137664794921875,0.121490478515625,9.913162231445312,0
48019639339887,0.299407958984375,0.128662109375,9.872467041015625,0
48019641811811,0.3041839599609375,0.1262664794921875,9.858108520507812,0
48019644283735,0.3089752197265625,0.1478271484375,9.826980590820312,0
48019646786176,0.320953369140625,0.090362548828125,9.850921630859375,0
48019649258100,0.30657958984375,0.13824462890625,9.86767578125,0
48019651730024,0.33770751953125,0.1573944091796875,9.841339111328125,0
48019654232466,0.332916259765625,0.1310577392578125,9.855712890625,0
48019656704389,0.29461669921875,0.13824462890625,9.834152221679688,0
48019659176313,0.30657958984375,0.13824462890625,9.879653930664062,0
48019661648237,0.332916259765625,0.1262664794921875,9.86767578125,0
48019664150678,0.3305206298828125,0.1621856689453125,9.843734741210938,0
48019666622602,0.3089752197265625,0.1406402587890625,9.879653930664062,0
48019669094526,0.2826385498046875,0.1406402587890625,9.855712890625,0
48019671566450,0.2730712890625,0.16937255859375,9.853317260742188,0
48019674068891,0.299407958984375,0.1454315185546875,9.831771850585938,0
48019676540815,0.3233489990234375,0.1526031494140625,9.81500244140625,0
48019679012739,0.3041839599609375,0.121490478515625,9.87725830078125,0
48019681515180,0.320953369140625,0.11669921875,9.865280151367188,0
48019683987104,0.311370849609375,0.1310577392578125,9.831771850585938,0
48019686459028,0.3137664794921875,0.1238861083984375,9.829376220703125,0
48019688961469,0.3041839599609375,0.102325439453125,9.817398071289062,0
48019691433393,0.30657958984375,0.0975494384765625,9.86767578125,0
48019693905317,0.2922210693359375,0.11669921875,9.858108520507812,0
48019696377241,0.27545166015625,0.128662109375,9.826980590820312,0
48019698879682,0.3185577392578125,0.174163818359375,9.862884521484375,0
48019701351606,0.3448944091796875,0.1478271484375,9.831771850585938,0
48019703823530,0.3137664794921875,0.133453369140625,9.87725830078125,0
48019706325971,0.3089752197265625,0.1478271484375,9.879653930664062,0
48019708828413,0.2850341796875,0.13824462890625,9.834152221679688,0
48019711300337,0.2970123291015625,0.1238861083984375,9.8365478515625,0
48019713772260,0.30657958984375,0.1478271484375,9.88922119140625,0
48019716274702,0.2970123291015625,0.1262664794921875,9.860488891601562,0
48019718746626,0.3089752197265625,0.1047210693359375,9.862884521484375,0
48019721218550,0.30657958984375,0.133453369140625,9.838943481445312,0
48019723720991,0.30657958984375,0.1406402587890625,9.862884521484375,0
48019726192915,0.3041839599609375,0.1047210693359375,9.913162231445312,0
48019728695356,0.29461669921875,0.09515380859375,9.87725830078125,0
48019731167280,0.332916259765625,0.10711669921875,9.800643920898438,0
48019733639204,0.289825439453125,0.1597900390625,9.9107666015625,0
48019736111128,0.2874298095703125,0.121490478515625,9.858108520507812,0
48019738583051,0.3305206298828125,0.1095123291015625,9.86767578125,0
48019741085493,0.29461669921875,0.0736083984375,9.843734741210938,0
48019743557417,0.2970123291015625,0.143035888671875,9.838943481445312,0
48019746029341,0.289825439453125,0.1597900390625,9.874862670898438,0
48019748501264,0.328125,0.1310577392578125,9.860488891601562,0
48019751003706,0.280242919921875,0.154998779296875,9.874862670898438,0
48019753475630,0.3137664794921875,0.10711669921875,9.831771850585938,0
48019755947553,0.3233489990234375,0.1190948486328125,9.905990600585938,0
48019758449995,0.2970123291015625,0.1406402587890625,9.903594970703125,0
48019760921919,0.311370849609375,0.128662109375,9.853317260742188,0
48019763393843,0.3089752197265625,0.1095123291015625,9.848526000976562,0
48019765865766,0.2826385498046875,0.1789398193359375,9.865280151367188,0
48019768368208,0.328125,0.1238861083984375,9.858108520507812,0
48019770840132,0.311370849609375,0.1047210693359375,9.8365478515625,0
48019773312055,0.3185577392578125,0.133453369140625,9.838943481445312,0
48019775814497,0.3137664794921875,0.154998779296875,9.81500244140625,0
48019778286421,0.2874298095703125,0.154998779296875,9.865280151367188,0
48019780788862,0.3041839599609375,0.1526031494140625,9.86767578125,0
48019783260786,0.30657958984375,0.133453369140625,9.848526000976562,0
48019785732710,0.2970123291015625,0.0975494384765625,9.84613037109375,0
48019788204634,0.3233489990234375,0.121490478515625,9.850921630859375,0
48019790676557,0.3137664794921875,0.1358489990234375,9.884445190429688,0
48019793178999,0.316162109375,0.13824462890625,9.834152221679688,0
48019795650923,0.311370849609375,0.154998779296875,9.865280151367188,0
48019798122846,0.299407958984375,0.128662109375,9.894012451171875,0
48019800594770,0.311370849609375,0.143035888671875,9.81500244140625,0
48019803097212,0.3353118896484375,0.1262664794921875,9.874862670898438,0
48019805569135,0.2970123291015625,0.16937255859375,9.8365478515625,0
48019808041059,0.29461669921875,0.111907958984375,9.862884521484375,0
48019810543501,0.3137664794921875,0.174163818359375,9.874862670898438,0
48019813015425,0.311370849609375,0.143035888671875,9.8365478515625,0
48019815487348,0.2970123291015625,0.1717681884765625,9.84613037109375,0
48019817959272,0.2970123291015625,0.0736083984375,9.86767578125,0
48019820461714,0.316162109375,0.099945068359375,9.870071411132812,0
48019822933637,0.3305206298828125,0.1478271484375,9.879653930664062,0
48019825436079,0.30657958984375,0.1621856689453125,9.86767578125,0
48019827908003,0.2826385498046875,0.143035888671875,9.858108520507812,0
48019830379926,0.342498779296875,0.1502227783203125,9.858108520507812,0
48019832851850,0.342498779296875,0.1143035888671875,9.870071411132812,0
48019835354292,0.332916259765625,0.128662109375,9.891616821289062,0
48019837826216,0.2970123291015625,0.1262664794921875,9.853317260742188,0
48019840298139,0.316162109375,0.1310577392578125,9.855712890625,0
48019842770063,0.3137664794921875,0.1478271484375,9.884445190429688,0
48019845272505,0.3401031494140625,0.1573944091796875,9.874862670898438,0
48019847744428,0.2922210693359375,0.1597900390625,9.853317260742188,0
48019850216352,0.32574462890625,0.1310577392578125,9.882049560546875,0
48019852688276,0.2826385498046875,0.10711669921875,9.87725830078125,0
48019855190718,0.2706756591796875,0.1573944091796875,9.882049560546875,0
48019857662641,0.2970123291015625,0.13824462890625,9.865280151367188,0
48019860134565,0.29461669921875,0.1406402587890625,9.891616821289062,0
48019862637007,0.3089752197265625,0.099945068359375,9.841339111328125,0
48019865108930,0.2826385498046875,0.1143035888671875,9.874862670898438,0
48019867611372,0.328125,0.1190948486328125,9.86767578125,0
48019870083296,0.2970123291015625,0.10711669921875,9.870071411132812,0
48019872555219,0.3041839599609375,0.1526031494140625,9.88922119140625,0
48019875027143,0.3089752197265625,0.1190948486328125,9.84613037109375,0
48019877499067,0.3041839599609375,0.13824462890625,9.841339111328125,0
48019880001509,0.311370849609375,0.1789398193359375,9.862884521484375,0
48019882473432,0.3353118896484375,0.1597900390625,9.858108520507812,0
48019884945356,0.30657958984375,0.1502227783203125,9.872467041015625,0
48019887417280,0.311370849609375,0.1597900390625,9.903594970703125,0
48019889919721,0.3137664794921875,0.1406402587890625,9.850921630859375,0
48019892391645,0.3089752197265625,0.111907958984375,9.865280151367188,0
48019894863569,0.2874298095703125,0.1597900390625,9.88922119140625,0
48019897366010,0.320953369140625,0.154998779296875,9.865280151367188,0
48019899837934,0.32574462890625,0.133453369140625,9.860488891601562,0
48019902309858,0.30657958984375,0.128662109375,9.886825561523438,0
48019904781782,0.33770751953125,0.121490478515625,9.84613037109375,0
48019907284223,0.289825439453125,0.1406402587890625,9.88922119140625,0
48019909756147,0.2730712890625,0.1669769287109375,9.858108520507812,0
48019912228071,0.320953369140625,0.174163818359375,9.874862670898438,0
48019914730512,0.3089752197265625,0.111907958984375,9.838943481445312,0
48019917202436,0.320953369140625,0.11669921875,9.891616821289062,0
48019919674360,0.316162109375,0.1262664794921875,9.872467041015625,0
48019922146284,0.3233489990234375,0.1095123291015625,9.872467041015625,0
48019924648725,0.311370849609375,0.099945068359375,9.812606811523438,0
48019927120649,0.3592529296875,0.1406402587890625,9.841339111328125,0
48019929592573,0.332916259765625,0.1478271484375,9.879653930664062,0
48019932095014,0.29461669921875,0.0855712890625,9.891616821289062,0
48019934566938,0.3185577392578125,0.121490478515625,9.8245849609375,0
48019937038862,0.328125,0.1789398193359375,9.850921630859375,0
48019939510786,0.32574462890625,0.1310577392578125,9.882049560546875,0
48019942013227,0.32574462890625,0.13824462890625,9.8365478515625,0
48019944485151,0.3472900390625,0.1095123291015625,9.812606811523438,0
48019946957075,0.328125,0.1406402587890625,9.872467041015625,0
48019949459516,0.30657958984375,0.128662109375,9.891616821289062,0
48019951931440,0.299407958984375,0.0831756591796875,9.891616821289062,0
48019954403364,0.3089752197265625,0.16937255859375,9.886825561523438,0
48019956905805,0.27545166015625,0.1573944091796875,9.882049560546875,0
48019959377729,0.30657958984375,0.1310577392578125,9.853317260742188,0
48019961849653,0.3305206298828125,0.121490478515625,9.88922119140625,0
48019964321577,0.2778472900390625,0.1310577392578125,9.884445190429688,0
48019966824018,0.2922210693359375,0.1190948486328125,9.874862670898438,0
48019969295942,0.3089752197265625,0.13824462890625,9.855712890625,0
48019971767866,0.3137664794921875,0.133453369140625,9.870071411132812,0
48019974239790,0.29461669921875,0.11669921875,9.891616821289062,0
48019976742231,0.2922210693359375,0.16937255859375,9.865280151367188,0
48019979214155,0.3089752197265625,0.1765594482421875,9.860488891601562,0
48019981686079,0.3185577392578125,0.111907958984375,9.88922119140625,0
48019984188520,0.3041839599609375,0.1406402587890625,9.865280151367188,0
48019986660444,0.2922210693359375,0.1885223388671875,9.8365478515625,0
48019989132368,0.2826385498046875,0.1669769287109375,9.848526000976562,0
48019991604292,0.299407958984375,0.1597900390625,9.872467041015625,0
48019994106733,0.3185577392578125,0.1454315185546875,9.838943481445312,0
48019996609175,0.3233489990234375,0.133453369140625,9.86767578125,0
48019999081098,0.2874298095703125,0.1526031494140625,9.862884521484375,0
48020001583540,0.30657958984375,0.1406402587890625,9.879653930664062,0
48020004055464,0.30657958984375,0.1573944091796875,9.88922119140625,0
48020006557905,0.311370849609375,0.1358489990234375,9.9107666015625,0
48020009029829,0.3137664794921875,0.1310577392578125,9.86767578125,0
48020011501753,0.3089752197265625,0.102325439453125,9.894012451171875,0
48020013973676,0.2970123291015625,0.1526031494140625,9.8988037109375,0
48020016445600,0.299407958984375,0.1406402587890625,9.858108520507812,0
48020018948042,0.320953369140625,0.1502227783203125,9.872467041015625,0
48020021419966,0.280242919921875,0.1190948486328125,9.841339111328125,0
48020023891889,0.27545166015625,0.128662109375,9.896408081054688,0
48020026394331,0.33770751953125,0.1573944091796875,9.831771850585938,0
48020028866255,0.3041839599609375,0.11669921875,9.865280151367188,0
48020031338178,0.3089752197265625,0.13824462890625,9.843734741210938,0
48020033810102,0.33770751953125,0.1190948486328125,9.870071411132812,0
48020036312544,0.3233489990234375,0.128662109375,9.879653930664062,0
48020038784468,0.332916259765625,0.1406402587890625,9.862884521484375,0
48020041256391,0.3233489990234375,0.0927581787109375,9.884445190429688,0
48020043758833,0.3305206298828125,0.16937255859375,9.886825561523438,0
48020046230757,0.328125,0.1621856689453125,9.858108520507812,0
48020048702680,0.2922210693359375,0.11669921875,9.872467041015625,0
48020051205122,0.311370849609375,0.1095123291015625,9.88922119140625,0
48020053677046,0.3089752197265625,0.111907958984375,9.886825561523438,0
48020056148969,0.328125,0.128662109375,9.874862670898438,0
48020058620893,0.3185577392578125,0.102325439453125,9.932327270507812,0
48020061123335,0.2850341796875,0.0879669189453125,9.865280151367188,0
48020063595259,0.320953369140625,0.111907958984375,9.848526000976562,0
48020066067182,0.316162109375,0.1358489990234375,9.882049560546875,0
48020068539106,0.3089752197265625,0.128662109375,9.882049560546875,0
48020071041548,0.2922210693359375,0.0975494384765625,9.831771850585938,0
48020073513471,0.301788330078125,0.1478271484375,9.843734741210938,0
48020075985395,0.3185577392578125,0.1262664794921875,9.8365478515625,0
48020078487837,0.3401031494140625,0.1406402587890625,9.872467041015625,0
48020080959760,0.3401031494140625,0.10711669921875,9.848526000976562,0
48020083431684,0.32574462890625,0.13824462890625,9.810211181640625,0
48020085903608,0.2970123291015625,0.1310577392578125,9.88922119140625,0
48020088406050,0.289825439453125,0.1310577392578125,9.901199340820312,0
48020090877973,0.3137664794921875,0.1190948486328125,9.84613037109375,0
48020093349897,0.32574462890625,0.128662109375,9.829376220703125,0
48020095852339,0.332916259765625,0.13824462890625,9.865280151367188,0
48020098324262,0.3041839599609375,0.1597900390625,9.838943481445312,0
48020100826704,0.2706756591796875,0.111907958984375,9.872467041015625,0
48020103298628,0.328125,0.0975494384765625,9.81500244140625,0
48020105770551,0.301788330078125,0.143035888671875,9.855712890625,0
48020108242475,0.3185577392578125,0.1047210693359375,9.8365478515625,0
48020110714399,0.32574462890625,0.1454315185546875,9.886825561523438,0
48020113216841,0.3137664794921875,0.121490478515625,9.88922119140625,0
48020115688764,0.328125,0.1358489990234375,9.886825561523438,0
48020118160688,0.2826385498046875,0.1454315185546875,9.862884521484375,0
48020120632612,0.3233489990234375,0.1095123291015625,9.855712890625,0
48020123135053,0.289825439453125,0.1262664794921875,9.860488891601562,0
48020125606977,0.299407958984375,0.1621856689453125,9.862884521484375,0
48020128078901,0.3041839599609375,0.111907958984375,9.807830810546875,0
48020130581343,0.3401031494140625,0.1143035888671875,9.831771850585938,0
48020133053266,0.2778472900390625,0.1502227783203125,9.819793701171875,0
48020135525190,0.3353118896484375,0.1573944091796875,9.855712890625,0
48020137997114,0.328125,0.133453369140625,9.884445190429688,0
48020140499555,0.299407958984375,0.1143035888671875,9.8988037109375,0
48020142971479,0.3233489990234375,0.1310577392578125,9.858108520507812,0
48020145443403,0.3233489990234375,0.1454315185546875,9.87725830078125,0
48020147945844,0.301788330078125,0.1358489990234375,9.905990600585938,0
48020150417768,0.2970123291015625,0.1262664794921875,9.8365478515625,0
48020152889692,0.3448944091796875,0.1478271484375,9.853317260742188,0
48020155361616,0.3568572998046875,0.1358489990234375,9.86767578125,0
48020157864057,0.3568572998046875,0.133453369140625,9.860488891601562,0
48020160335981,0.299407958984375,0.1406402587890625,9.86767578125,0
48020162807905,0.2658843994140625,0.1573944091796875,9.84613037109375,0
48020165310346,0.299407958984375,0.1406402587890625,9.92034912109375,0
48020167782270,0.320953369140625,0.099945068359375,9.884445190429688,0
48020170254194,0.29461669921875,0.1143035888671875,9.84613037109375,0
48020172756635,0.316162109375,0.111907958984375,9.872467041015625,0
48020175228559,0.320953369140625,0.1502227783203125,9.843734741210938,0
48020177700483,0.3137664794921875,0.1597900390625,9.870071411132812,0
48020180172407,0.320953369140625,0.1621856689453125,9.858108520507812,0
48020182674848,0.320953369140625,0.133453369140625,9.8365478515625,0
48020185146772,0.3089752197265625,0.11669921875,9.913162231445312,0
48020187618696,0.3185577392578125,0.1143035888671875,9.901199340820312,0
48020190121137,0.316162109375,0.1262664794921875,9.848526000976562,0
48020192593061,0.311370849609375,0.13824462890625,9.858108520507812,0
48020195064985,0.3089752197265625,0.13824462890625,9.8988037109375,0
48020197567426,0.3353118896484375,0.1310577392578125,9.855712890625,0
48020200039350,0.311370849609375,0.1190948486328125,9.862884521484375,0
48020202511274,0.3185577392578125,0.0927581787109375,9.872467041015625,0
48020204983198,0.30657958984375,0.1095123291015625,9.886825561523438,0
48020207485639,0.3041839599609375,0.1262664794921875,9.865280151367188,0
48020209957563,0.3353118896484375,0.1262664794921875,9.858108520507812,0
48020212429487,0.3089752197265625,0.1502227783203125,9.858108520507812,0
48020214901411,0.3305206298828125,0.11669921875,9.850921630859375,0
48020217403852,0.301788330078125,0.1478271484375,9.79345703125,0
48020219875776,0.3137664794921875,0.16937255859375,9.848526000976562,0
48020222347700,0.3041839599609375,0.121490478515625,9.891616821289062,0
48020224850141,0.3137664794921875,0.102325439453125,9.848526000976562,0
48020227322065,0.3305206298828125,0.1621856689453125,9.870071411132812,0
48020229793989,0.299407958984375,0.1238861083984375,9.884445190429688,0
48020232265913,0.3041839599609375,0.11669921875,9.86767578125,0
48020234768354,0.3472900390625,0.121490478515625,9.874862670898438,0
48020237240278,0.328125,0.1597900390625,9.886825561523438,0
48020239712202,0.3041839599609375,0.164581298828125,9.917953491210938,0
48020242214643,0.29461669921875,0.1262664794921875,9.86767578125,0
48020244686567,0.3089752197265625,0.10711669921875,9.88922119140625,0
48020247158491,0.29461669921875,0.121490478515625,9.853317260742188,0
48020249630415,0.2826385498046875,0.1573944091796875,9.862884521484375,0
48020252132856,0.328125,0.133453369140625,9.853317260742188,0
48020254604780,0.3233489990234375,0.10711669921875,9.886825561523438,0
48020257076704,0.316162109375,0.121490478515625,9.860488891601562,0
48020259579145,0.30657958984375,0.1526031494140625,9.838943481445312,0
48020262051069,0.3137664794921875,0.1358489990234375,9.817398071289062,0
48020264522993,0.32574462890625,0.133453369140625,9.834152221679688,0
48020266994917,0.3353118896484375,0.154998779296875,9.865280151367188,0
48020269497358,0.3185577392578125,0.143035888671875,9.848526000976562,0
48020271969282,0.3496856689453125,0.1262664794921875,9.862884521484375,0
48020274441206,0.3041839599609375,0.1406402587890625,9.886825561523438,0
48020276943647,0.2970123291015625,0.07598876953125,9.834152221679688,0
48020279446089,0.3185577392578125,0.133453369140625,9.850921630859375,0
48020281918012,0.3137664794921875,0.1717681884765625,9.9107666015625,0
48020284389936,0.2826385498046875,0.1573944091796875,9.894012451171875,0
48020286892378,0.2970123291015625,0.1621856689453125,9.8365478515625,0
48020289364301,0.27545166015625,0.1262664794921875,9.807830810546875,0
48020291836225,0.311370849609375,0.1406402587890625,9.841339111328125,0
48020294338667,0.30657958984375,0.1502227783203125,9.860488891601562,0
48020296810591,0.2874298095703125,0.1358489990234375,9.838943481445312,0
48020299282514,0.3185577392578125,0.1406402587890625,9.841339111328125,0
48020301754438,0.3472900390625,0.0855712890625,9.874862670898438,0
48020304256880,0.328125,0.1047210693359375,9.817398071289062,0
48020306728803,0.30657958984375,0.1478271484375,9.860488891601562,0
48020309200727,0.299407958984375,0.1310577392578125,9.853317260742188,0
48020311703169,0.320953369140625,0.1502227783203125,9.843734741210938,0
48020314175093,0.3233489990234375,0.13824462890625,9.874862670898438,0
48020316647016,0.3041839599609375,0.1310577392578125,9.862884521484375,0
48020319118940,0.2850341796875,0.1621856689453125,9.826980590820312,0
48020321621382,0.3472900390625,0.1310577392578125,9.858108520507812,0
48020324093305,0.3089752197265625,0.1526031494140625,9.838943481445312,0
48020326565229,0.342498779296875,0.1454315185546875,9.860488891601562,0
48020329067671,0.32574462890625,0.1526031494140625,9.841339111328125,0
48020331539594,0.332916259765625,0.143035888671875,9.886825561523438,0
48020334042036,0.3185577392578125,0.1190948486328125,9.870071411132812,0
48020336513960,0.2826385498046875,0.1454315185546875,9.84613037109375,0
48020338985884,0.316162109375,0.0927581787109375,9.896408081054688,0
48020341457807,0.3305206298828125,0.1238861083984375,9.884445190429688,0
48020343929731,0.30657958984375,0.1478271484375,9.855712890625,0
48020346432173,0.29461669921875,0.1143035888671875,9.86767578125,0
48020348904096,0.27545166015625,0.1047210693359375,9.874862670898438,0
48020351376020,0.3089752197265625,0.1358489990234375,9.88922119140625,0
48020353878462,0.3137664794921875,0.13824462890625,9.862884521484375,0
48020356350385,0.3137664794921875,0.11669921875,9.8365478515625,0
48020358822309,0.30657958984375,0.143035888671875,9.838943481445312,0
48020361294233,0.311370849609375,0.1597900390625,9.860488891601562,0
48020363796675,0.316162109375,0.13824462890625,9.831771850585938,0
48020366268598,0.311370849609375,0.1095123291015625,9.855712890625,0
48020368740522,0.316162109375,0.121490478515625,9.913162231445312,0
48020371242964,0.311370849609375,0.090362548828125,9.88922119140625,0
48020373714887,0.30657958984375,0.0927581787109375,9.879653930664062,0
48020376186811,0.328125,0.0879669189453125,9.882049560546875,0
48020378689253,0.332916259765625,0.1143035888671875,9.858108520507812,0
48020381161176,0.311370849609375,0.133453369140625,9.896408081054688,0
48020383633100,0.32574462890625,0.1190948486328125,9.8988037109375,0
48020386105024,0.301788330078125,0.133453369140625,9.86767578125,0
48020388607466,0.2970123291015625,0.128662109375,9.838943481445312,0
48020391079389,0.3185577392578125,0.111907958984375,9.850921630859375,0
48020393551313,0.3448944091796875,0.1238861083984375,9.86767578125,0
48020396023237,0.342498779296875,0.0855712890625,9.862884521484375,0
48020398525678,0.3185577392578125,0.128662109375,9.886825561523438,0
48020400997602,0.3137664794921875,0.1095123291015625,9.922744750976562,0
48020403469526,0.3089752197265625,0.128662109375,9.8245849609375,0
48020405971968,0.32574462890625,0.1621856689453125,9.858108520507812,0
48020408443891,0.3305206298828125,0.1238861083984375,9.838943481445312,0
48020410915815,0.311370849609375,0.1047210693359375,9.829376220703125,0
48020413387739,0.3305206298828125,0.121490478515625,9.855712890625,0
48020415890180,0.3041839599609375,0.1190948486328125,9.874862670898438,0
48020418362104,0.301788330078125,0.133453369140625,9.862884521484375,0
48020420834028,0.280242919921875,0.1597900390625,9.848526000976562,0
48020423336469,0.2826385498046875,0.143035888671875,9.86767578125,0
48020425808393,0.29461669921875,0.121490478515625,9.853317260742188,0
48020428310835,0.3041839599609375,0.128662109375,9.84613037109375,0
48020430782759,0.3401031494140625,0.121490478515625,9.879653930664062,0
48020433254682,0.3089752197265625,0.1502227783203125,9.901199340820312,0
48020435726606,0.30657958984375,0.133453369140625,9.853317260742188,0
48020438198530,0.316162109375,0.1526031494140625,9.843734741210938,0
48020440700971,0.3041839599609375,0.1238861083984375,9.879653930664062,0
48020443172895,0.2970123291015625,0.1526031494140625,9.87725830078125,0
48020445644819,0.3041839599609375,0.121490478515625,9.891616821289062,0
48020448147260,0.316162109375,0.1406402587890625,9.894012451171875,0
48020450619184,0.301788330078125,0.128662109375,9.831771850585938,0
48020453091108,0.3568572998046875,0.1143035888671875,9.870071411132812,0
48020455563032,0.3401031494140625,0.0879669189453125,9.855712890625,0
48020458065473,0.32574462890625,0.11669921875,9.896408081054688,0
48020460537397,0.2778472900390625,0.099945068359375,9.884445190429688,0
48020463009321,0.29461669921875,0.1238861083984375,9.879653930664062,0
48020465511762,0.3089752197265625,0.18133544921875,9.86767578125,0
48020467983686,0.3041839599609375,0.1717681884765625,9.86767578125,0
48020470455610,0.3041839599609375,0.143035888671875,9.860488891601562,0
48020472958051,0.316162109375,0.1573944091796875,9.81500244140625,0
48020475429975,0.316162109375,0.1454315185546875,9.848526000976562,0
48020477901899,0.2850341796875,0.1262664794921875,9.8365478515625,0
48020480373823,0.320953369140625,0.1478271484375,9.862884521484375,0
48020482876264,0.3041839599609375,0.154998779296875,9.884445190429688,0
48020485348188,0.301788330078125,0.1095123291015625,9.870071411132812,0
48020487820112,0.3137664794921875,0.1190948486328125,9.862884521484375,0
48020490292036,0.332916259765625,0.1358489990234375,9.872467041015625,0
48020492763960,0.299407958984375,0.1837310791015625,9.84613037109375,0
48020495266401,0.311370849609375,0.1406402587890625,9.8245849609375,0
48020497738325,0.299407958984375,0.1262664794921875,9.831771850585938,0
48020500240766,0.320953369140625,0.143035888671875,9.829376220703125,0
48020502712690,0.316162109375,0.0855712890625,9.860488891601562,0
48020505184614,0.3089752197265625,0.1095123291015625,9.88922119140625,0
48020507656538,0.2970123291015625,0.154998779296875,9.8245849609375,0
48020510158979,0.2922210693359375,0.1573944091796875,9.86767578125,0
48020512630903,0.2922210693359375,0.090362548828125,9.901199340820312,0
48020515102827,0.299407958984375,0.1143035888671875,9.874862670898438,0
48020517605268,0.289825439453125,0.1502227783203125,9.838943481445312,0
48020520077192,0.3401031494140625,0.1406402587890625,9.865280151367188,0
48020522549116,0.3233489990234375,0.07598876953125,9.88922119140625,0
48020525021040,0.311370849609375,0.18133544921875,9.855712890625,0
48020527523481,0.311370849609375,0.133453369140625,9.791061401367188,0
48020529995405,0.299407958984375,0.164581298828125,9.810211181640625,0
48020532467329,0.332916259765625,0.128662109375,9.848526000976562,0
48020534969770,0.316162109375,0.1526031494140625,9.870071411132812,0
48020537441694,0.2970123291015625,0.1669769287109375,9.858108520507812,0
48020539913618,0.2970123291015625,0.133453369140625,9.874862670898438,0
48020542385542,0.30657958984375,0.1454315185546875,9.865280151367188,0
48020544887983,0.29461669921875,0.1358489990234375,9.831771850585938,0
48020547359907,0.328125,0.164581298828125,9.850921630859375,0
48020549831831,0.299407958984375,0.1238861083984375,9.88922119140625,0
48020552334272,0.2970123291015625,0.1573944091796875,9.853317260742188,0
48020554806196,0.3185577392578125,0.09515380859375,9.8365478515625,0
48020557278120,0.27545166015625,0.143035888671875,9.886825561523438,0
48020559750044,0.299407958984375,0.1837310791015625,9.86767578125,0
48020562252485,0.29461669921875,0.133453369140625,9.894012451171875,0
48020564724409,0.299407958984375,0.128662109375,9.8365478515625,0
48020567226850,0.33770751953125,0.1597900390625,9.855712890625,0
48020569729292,0.3137664794921875,0.1406402587890625,9.865280151367188,0
48020572201216,0.2826385498046875,0.1310577392578125,9.831771850585938,0
48020574673139,0.32574462890625,0.121490478515625,9.853317260742188,0
48020577175581,0.299407958984375,0.090362548828125,9.850921630859375,0
48020579647505,0.2922210693359375,0.1597900390625,9.848526000976562,0
48020582119428,0.3089752197265625,0.164581298828125,9.855712890625,0
48020584591352,0.2970123291015625,0.143035888671875,9.886825561523438,0
48020587093794,0.3448944091796875,0.1406402587890625,9.870071411132812,0
48020589565718,0.33770751953125,0.11669921875,9.884445190429688,0
48020592037641,0.3137664794921875,0.11669921875,9.903594970703125,0
48020594540083,0.2826385498046875,0.111907958984375,9.915557861328125,0
48020597012007,0.311370849609375,0.0975494384765625,9.894012451171875,0
48020599483930,0.301788330078125,0.1454315185546875,9.860488891601562,0
48020601955854,0.2970123291015625,0.1190948486328125,9.84613037109375,0
48020604458296,0.2970123291015625,0.1143035888671875,9.891616821289062,0
48020606930219,0.3233489990234375,0.1502227783203125,9.84613037109375,0
48020609402143,0.3496856689453125,0.1597900390625,9.829376220703125,0
48020611904585,0.320953369140625,0.1621856689453125,9.829376220703125,0
48020614376509,0.30657958984375,0.13824462890625,9.829376220703125,0
48020616848432,0.30657958984375,0.111907958984375,9.870071411132812,0
48020619320356,0.311370849609375,0.143035888671875,9.874862670898438,0
48020621822798,0.320953369140625,0.1502227783203125,9.870071411132812,0
48020624294721,0.311370849609375,0.13824462890625,9.853317260742188,0
48020626771808,0.3089752197265625,0.1358489990234375,9.807830810546875,0
48020629274250,0.316162109375,0.13824462890625,9.8245849609375,0
48020631746173,0.280242919921875,0.1358489990234375,9.843734741210938,0
48020634218097,0.316162109375,0.11669921875,9.87725830078125,0
48020636690021,0.30657958984375,0.13824462890625,9.865280151367188,0
48020639192463,0.289825439453125,0.1597900390625,9.87725830078125,0
48020641664386,0.3185577392578125,0.1573944091796875,9.882049560546875,0
48020644136310,0.3305206298828125,0.1478271484375,9.90838623046875,0
48020646638752,0.316162109375,0.1238861083984375,9.874862670898438,0
48020649110675,0.29461669921875,0.1190948486328125,9.858108520507812,0
48020651582599,0.316162109375,0.1597900390625,9.853317260742188,0
48020654054523,0.299407958984375,0.10711669921875,9.834152221679688,0
48020656556964,0.289825439453125,0.133453369140625,9.8245849609375,0
48020659028888,0.33770751953125,0.1406402587890625,9.858108520507812,0
48020661531330,0.3233489990234375,0.143035888671875,9.862884521484375,0
48020664003254,0.280242919921875,0.1502227783203125,9.81500244140625,0
48020666475177,0.311370849609375,0.143035888671875,9.874862670898438,0
48020668947101,0.311370849609375,0.1262664794921875,9.865280151367188,0
48020671419025,0.3401031494140625,0.143035888671875,9.84613037109375,0
48020673921466,0.332916259765625,0.1310577392578125,9.834152221679688,0
48020676393390,0.316162109375,0.1597900390625,9.84613037109375,0
48020678865314,0.299407958984375,0.1143035888671875,9.855712890625,0
48020681367756,0.299407958984375,0.1143035888671875,9.891616821289062,0
48020683839679,0.2874298095703125,0.1143035888671875,9.838943481445312,0
48020686311603,0.2850341796875,0.1358489990234375,9.8245849609375,0
48020688783527,0.332916259765625,0.128662109375,9.812606811523438,0
48020691285968,0.3185577392578125,0.1406402587890625,9.862884521484375,0
48020693757892,0.301788330078125,0.164581298828125,9.894012451171875,0
48020696229816,0.3472900390625,0.1406402587890625,9.855712890625,0
48020698732257,0.2874298095703125,0.1358489990234375,9.872467041015625,0
48020701204181,0.316162109375,0.1310577392578125,9.934722900390625,0
48020703676105,0.3185577392578125,0.1406402587890625,9.862884521484375,0
48020706178547,0.311370849609375,0.133453369140625,9.848526000976562,0
48020708650470,0.3137664794921875,0.1238861083984375,9.874862670898438,0
48020711122394,0.311370849609375,0.099945068359375,9.812606811523438,0
48020713594318,0.3041839599609375,0.1358489990234375,9.865280151367188,0
48020716096759,0.2970123291015625,0.164581298828125,9.870071411132812,0
48020718568683,0.2922210693359375,0.13824462890625,9.838943481445312,0
48020721040607,0.289825439453125,0.1143035888671875,9.865280151367188,0
48020723512531,0.33770751953125,0.1190948486328125,9.853317260742188,0
48020726014972,0.320953369140625,0.128662109375,9.860488891601562,0
48020728486896,0.3041839599609375,0.111907958984375,9.850921630859375,0
48020730958820,0.2826385498046875,0.1502227783203125,9.834152221679688,0
48020733461261,0.299407958984375,0.1238861083984375,9.86767578125,0
48020735933185,0.301788330078125,0.121490478515625,9.853317260742188,0
48020738405109,0.299407958984375,0.1143035888671875,9.860488891601562,0
48020740877033,0.30657958984375,0.0879669189453125,9.853317260742188,0
48020743379474,0.299407958984375,0.1358489990234375,9.874862670898438,0
48020745851398,0.320953369140625,0.143035888671875,9.860488891601562,0
48020748323322,0.3185577392578125,0.174163818359375,9.858108520507812,0
48020750825763,0.2970123291015625,0.1238861083984375,9.843734741210938,0
48020753297687,0.3353118896484375,0.13824462890625,9.858108520507812,0
48020755800129,0.3089752197265625,0.128662109375,9.841339111328125,0
48020758272052,0.2778472900390625,0.1502227783203125,9.81500244140625,0
48020760743976,0.316162109375,0.154998779296875,9.819793701171875,0
48020763215900,0.3520660400390625,0.164581298828125,9.860488891601562,0
48020765687824,0.3089752197265625,0.1095123291015625,9.8988037109375,0
48020768190265,0.311370849609375,0.1190948486328125,9.88922119140625,0
48020770662189,0.3185577392578125,0.16937255859375,9.896408081054688,0
48020773134113,0.320953369140625,0.1310577392578125,9.858108520507812,0
48020775606037,0.320953369140625,0.1502227783203125,9.86767578125,0
48020778108478,0.3089752197265625,0.1454315185546875,9.86767578125,0
48020780580402,0.316162109375,0.1478271484375,9.831771850585938,0
48020783052326,0.316162109375,0.13824462890625,9.88922119140625,0
48020785554767,0.2970123291015625,0.1478271484375,9.87725830078125,0
48020788026691,0.3353118896484375,0.1190948486328125,9.882049560546875,0
48020790498615,0.3472900390625,0.1310577392578125,9.834152221679688,0
48020792970539,0.311370849609375,0.13824462890625,9.879653930664062,0
48020795472980,0.2658843994140625,0.1406402587890625,9.882049560546875,0
48020797944904,0.3185577392578125,0.1238861083984375,9.8245849609375,0
48020800447345,0.342498779296875,0.0975494384765625,9.848526000976562,0
48020802919269,0.311370849609375,0.13824462890625,9.850921630859375,0
48020805391193,0.2850341796875,0.1262664794921875,9.872467041015625,0
48020807863117,0.3185577392578125,0.102325439453125,9.848526000976562,0
48020810335041,0.3401031494140625,0.1358489990234375,9.826980590820312,0
48020812837482,0.3305206298828125,0.13824462890625,9.855712890625,0
48020815309406,0.320953369140625,0.1143035888671875,9.86767578125,0
48020817781330,0.3089752197265625,0.1669769287109375,9.858108520507812,0
48020820283771,0.280242919921875,0.1454315185546875,9.8245849609375,0
48020822755695,0.3233489990234375,0.1669769287109375,9.831771850585938,0
48020825227619,0.311370849609375,0.128662109375,9.853317260742188,0
48020827699543,0.3305206298828125,0.1358489990234375,9.838943481445312,0
48020830201984,0.320953369140625,0.1262664794921875,9.870071411132812,0
48020832673908,0.3137664794921875,0.1238861083984375,9.90838623046875,0
48020835145832,0.2778472900390625,0.143035888671875,9.896408081054688,0
48020837648273,0.33770751953125,0.133453369140625,9.865280151367188,0
48020840120197,0.342498779296875,0.13824462890625,9.850921630859375,0
48020842592121,0.3041839599609375,0.1502227783203125,9.874862670898438,0
48020845094562,0.3305206298828125,0.1573944091796875,9.84613037109375,0
48020847566486,0.328125,0.1573944091796875,9.870071411132812,0
48020850038410,0.2922210693359375,0.133453369140625,9.894012451171875,0
48020852540851,0.3305206298828125,0.1526031494140625,9.872467041015625,0
48020855043293,0.32574462890625,0.1262664794921875,9.870071411132812,0
48020857515216,0.3041839599609375,0.11669921875,9.855712890625,0
48020859987140,0.30657958984375,0.1358489990234375,9.822189331054688,0
48020862459064,0.3185577392578125,0.1406402587890625,9.872467041015625,0
48020864961506,0.3185577392578125,0.1621856689453125,9.886825561523438,0
48020867433429,0.301788330078125,0.19091796875,9.870071411132812,0
48020869905353,0.289825439453125,0.143035888671875,9.853317260742188,0
48020872407795,0.3137664794921875,0.1406402587890625,9.84613037109375,0
48020874879718,0.320953369140625,0.1238861083984375,9.886825561523438,0
48020877351642,0.332916259765625,0.10711669921875,9.882049560546875,0
48020879823566,0.3496856689453125,0.1190948486328125,9.819793701171875,0
48020882326007,0.29461669921875,0.10711669921875,9.891616821289062,0
48020884797931,0.328125,0.1190948486328125,9.855712890625,0
48020887269855,0.2970123291015625,0.1190948486328125,9.834152221679688,0
48020889741779,0.311370849609375,0.154998779296875,9.858108520507812,0
48020892244220,0.3137664794921875,0.1478271484375,9.874862670898438,0
48020894716144,0.30657958984375,0.1717681884765625,9.88922119140625,0
48020897188068,0.30657958984375,0.1047210693359375,9.88922119140625,0
48020899690509,0.2970123291015625,0.1262664794921875,9.855712890625,0
48020902162433,0.299407958984375,0.1238861083984375,9.841339111328125,0
48020904634357,0.2922210693359375,0.099945068359375,9.850921630859375,0
48020907106281,0.3041839599609375,0.1238861083984375,9.855712890625,0
48020909608722,0.3137664794921875,0.09515380859375,9.838943481445312,0
48020912080646,0.316162109375,0.099945068359375,9.886825561523438,0
48020914552570,0.32574462890625,0.1454315185546875,9.879653930664062,0
48020917055011,0.328125,0.154998779296875,9.831771850585938,0
48020919526935,0.3233489990234375,0.1669769287109375,9.841339111328125,0
48020921998859,0.30657958984375,0.1717681884765625,9.853317260742188,0
48020924470783,0.316162109375,0.1621856689453125,9.853317260742188,0
48020926973224,0.2970123291015625,0.1262664794921875,9.843734741210938,0
48020929445148,0.2826385498046875,0.1095123291015625,9.831771850585938,0
48020931917072,0.2970123291015625,0.133453369140625,9.884445190429688,0
48020934419513,0.3137664794921875,0.143035888671875,9.882049560546875,0
48020936891437,0.3089752197265625,0.1765594482421875,9.874862670898438,0
48020939363361,0.3233489990234375,0.133453369140625,9.86767578125,0
48020941865802,0.332916259765625,0.1190948486328125,9.86767578125,0
48020944337726,0.2922210693359375,0.102325439453125,9.862884521484375,0
48020946809650,0.332916259765625,0.1837310791015625,9.886825561523438,0
48020949281574,0.301788330078125,0.143035888671875,9.862884521484375,0
48020951753498,0.301788330078125,0.1238861083984375,9.843734741210938,0
48020954255939,0.2826385498046875,0.154998779296875,9.819793701171875,0
48020956727863,0.2850341796875,0.128662109375,9.860488891601562,0
48020959230304,0.3305206298828125,0.128662109375,9.865280151367188,0
48020961702228,0.354461669921875,0.1621856689453125,9.894012451171875,0
48020964174152,0.328125,0.1478271484375,9.860488891601562,0
48020966646076,0.311370849609375,0.1573944091796875,9.84613037109375,0
48020969118000,0.280242919921875,0.1526031494140625,9.838943481445312,0
48020971620441,0.2922210693359375,0.1573944091796875,9.841339111328125,0
48020974092365,0.3137664794921875,0.1143035888671875,9.903594970703125,0
48020976564289,0.3185577392578125,0.1262664794921875,9.870071411132812,0
48020979066730,0.320953369140625,0.1143035888671875,9.86767578125,0
48020981538654,0.30657958984375,0.133453369140625,9.874862670898438,0
48020984010578,0.289825439453125,0.154998779296875,9.812606811523438,0
48020986482502,0.299407958984375,0.133453369140625,9.831771850585938,0
48020988984943,0.3089752197265625,0.1717681884765625,9.8365478515625,0
48020991456867,0.3472900390625,0.1502227783203125,9.858108520507812,0
48020993928791,0.30657958984375,0.1238861083984375,9.886825561523438,0
48020996400714,0.299407958984375,0.13824462890625,9.901199340820312,0
48020998903156,0.2658843994140625,0.1526031494140625,9.874862670898438,0
48021001375080,0.2922210693359375,0.1478271484375,9.812606811523438,0
48021003847004,0.3401031494140625,0.121490478515625,9.884445190429688,0
48021006349445,0.332916259765625,0.102325439453125,9.841339111328125,0
48021008821369,0.311370849609375,0.11669921875,9.860488891601562,0
48021011293293,0.328125,0.068817138671875,9.862884521484375,0
48021013765216,0.299407958984375,0.09515380859375,9.841339111328125,0
48021016267658,0.299407958984375,0.1717681884765625,9.810211181640625,0
48021018739582,0.301788330078125,0.1406402587890625,9.86767578125,0
48021021211506,0.30657958984375,0.1526031494140625,9.843734741210938,0
48021023713947,0.332916259765625,0.13824462890625,9.872467041015625,0
48021026185871,0.2970123291015625,0.1310577392578125,9.87725830078125,0
48021028657795,0.2850341796875,0.128662109375,9.829376220703125,0
48021031129718,0.3233489990234375,0.186126708984375,9.891616821289062,0
48021033632160,0.3137664794921875,0.133453369140625,9.90838623046875,0
48021036104084,0.3089752197265625,0.1358489990234375,9.870071411132812,0
48021038606525,0.2850341796875,0.1095123291015625,9.843734741210938,0
48021041078449,0.2778472900390625,0.1238861083984375,9.84613037109375,0
48021043550373,0.2922210693359375,0.11669921875,9.8365478515625,0
48021046022297,0.32574462890625,0.1095123291015625,9.850921630859375,0
48021048494220,0.320953369140625,0.0975494384765625,9.862884521484375,0
48021050996662,0.3041839599609375,0.1143035888671875,9.8988037109375,0
48021053468586,0.3185577392578125,0.1406402587890625,9.855712890625,0
48021055940509,0.289825439453125,0.1238861083984375,9.882049560546875,0
48021058412433,0.2850341796875,0.111907958984375,9.855712890625,0
48021060914875,0.289825439453125,0.111907958984375,9.860488891601562,0
48021063386798,0.299407958984375,0.1406402587890625,9.870071411132812,0
48021065858722,0.2826385498046875,0.1669769287109375,9.886825561523438,0
48021068361164,0.30657958984375,0.1454315185546875,9.838943481445312,0
48021070833088,0.311370849609375,0.1573944091796875,9.848526000976562,0
48021073305011,0.3233489990234375,0.1669769287109375,9.894012451171875,0
48021075776935,0.3472900390625,0.1478271484375,9.87725830078125,0
48021078279377,0.2850341796875,0.1765594482421875,9.886825561523438,0
48021080751300,0.311370849609375,0.11669921875,9.850921630859375,0
48021083253742,0.3137664794921875,0.1454315185546875,9.838943481445312,0
48021085725666,0.320953369140625,0.154998779296875,9.860488891601562,0
48021088197589,0.316162109375,0.1310577392578125,9.848526000976562,0
48021090669513,0.3089752197265625,0.133453369140625,9.86767578125,0
48021093141437,0.311370849609375,0.2052764892578125,9.850921630859375,0
48021095643879,0.328125,0.154998779296875,9.850921630859375,0
48021098115802,0.332916259765625,0.11669921875,9.855712890625,0
48021100587726,0.2970123291015625,0.1190948486328125,9.853317260742188,0
48021103090168,0.30657958984375,0.1262664794921875,9.855712890625,0
48021105562091,0.301788330078125,0.1717681884765625,9.860488891601562,0
48021108034015,0.301788330078125,0.1190948486328125,9.886825561523438,0
48021110505939,0.320953369140625,0.1143035888671875,9.855712890625,0
48021113008381,0.27545166015625,0.1526031494140625,9.87725830078125,0
48021115480304,0.3353118896484375,0.1478271484375,9.870071411132812,0
48021117952228,0.3353118896484375,0.1765594482421875,9.862884521484375,0
48021120424152,0.2922210693359375,0.1526031494140625,9.84613037109375,0
48021122926593,0.316162109375,0.1669769287109375,9.860488891601562,0
48021125398517,0.299407958984375,0.1406402587890625,9.843734741210938,0
48021127900959,0.289825439453125,0.1573944091796875,9.896408081054688,0
48021130372882,0.3137664794921875,0.1406402587890625,9.838943481445312,0
48021132844806,0.3233489990234375,0.1238861083984375,9.88922119140625,0
48021135316730,0.3568572998046875,0.1454315185546875,9.891616821289062,0
48021137819172,0.311370849609375,0.121490478515625,9.862884521484375,0
48021140321613,0.30657958984375,0.1190948486328125,9.865280151367188,0
48021142793537,0.3041839599609375,0.1454315185546875,9.850921630859375,0
48021145265461,0.311370849609375,0.1143035888671875,9.8365478515625,0
48021147767902,0.3041839599609375,0.13824462890625,9.894012451171875,0
48021150239826,0.320953369140625,0.133453369140625,9.874862670898438,0
48021152711750,0.29461669921875,0.13824462890625,9.891616821289062,0
48021155183673,0.316162109375,0.102325439453125,9.874862670898438,0
48021157686115,0.3041839599609375,0.143035888671875,9.834152221679688,0
48021160158039,0.311370849609375,0.1669769287109375,9.874862670898438,0
48021162629963,0.2826385498046875,0.154998779296875,9.882049560546875,0
48021165101886,0.328125,0.128662109375,9.88922119140625,0
48021167604328,0.3137664794921875,0.1095123291015625,9.848526000976562,0
48021170076252,0.3353118896484375,0.154998779296875,9.812606811523438,0
48021172548175,0.3137664794921875,0.154998779296875,9.858108520507812,0
48021175050617,0.280242919921875,0.1502227783203125,9.862884521484375,0
48021177522541,0.2970123291015625,0.1717681884765625,9.831771850585938,0
48021179994464,0.328125,0.1526031494140625,9.874862670898438,0
48021182466388,0.3305206298828125,0.1190948486328125,9.8365478515625,0
48021184968830,0.289825439453125,0.13824462890625,9.901199340820312,0
48021187440754,0.3137664794921875,0.1526031494140625,9.88922119140625,0
48021189912677,0.32574462890625,0.143035888671875,9.862884521484375,0
48021192415119,0.2970123291015625,0.1478271484375,9.834152221679688,0
48021194887043,0.332916259765625,0.133453369140625,9.841339111328125,0
48021197358966,0.316162109375,0.1406402587890625,9.841339111328125,0
48021199830890,0.328125,0.1262664794921875,9.88922119140625,0
48021202333332,0.32574462890625,0.133453369140625,9.865280151367188,0
48021204805256,0.3041839599609375,0.133453369140625,9.858108520507812,0
48021207277179,0.301788330078125,0.133453369140625,9.879653930664062,0
48021209749103,0.3089752197265625,0.1095123291015625,9.872467041015625,0
48021212251545,0.328125,0.1238861083984375,9.860488891601562,0
48021214723468,0.32574462890625,0.1358489990234375,9.894012451171875,0
48021217195392,0.311370849609375,0.164581298828125,9.891616821289062,0
48021219697834,0.3041839599609375,0.11669921875,9.894012451171875,0
48021222169757,0.3089752197265625,0.102325439453125,9.86767578125,0
48021224672199,0.2850341796875,0.1238861083984375,9.858108520507812,0
48021227144123,0.2778472900390625,0.154998779296875,9.838943481445312,0
48021229616047,0.3041839599609375,0.128662109375,9.850921630859375,0
48021232087970,0.316162109375,0.099945068359375,9.862884521484375,0
48021234559894,0.3089752197265625,0.121490478515625,9.932327270507812,0
48021237062336,0.3233489990234375,0.143035888671875,9.853317260742188,0
48021239534259,0.2778472900390625,0.1238861083984375,9.84613037109375,0
48021242006183,0.299407958984375,0.128662109375,9.819793701171875,0
48021244478107,0.32574462890625,0.143035888671875,9.841339111328125,0
48021246980548,0.30657958984375,0.13824462890625,9.865280151367188,0
48021249452472,0.299407958984375,0.154998779296875,9.87725830078125,0
48021251924396,0.30657958984375,0.164581298828125,9.896408081054688,0
48021254426838,0.320953369140625,0.143035888671875,9.891616821289062,0
48021256898761,0.311370849609375,0.1526031494140625,9.862884521484375,0
48021259370685,0.3472900390625,0.1573944091796875,9.874862670898438,0
48021261842609,0.3305206298828125,0.128662109375,9.855712890625,0
48021264345050,0.32574462890625,0.1095123291015625,9.86767578125,0
48021266816974,0.299407958984375,0.1143035888671875,9.8988037109375,0
48021269319416,0.301788330078125,0.1143035888671875,9.848526000976562,0
48021271791339,0.3185577392578125,0.0927581787109375,9.879653930664062,0
48021274263263,0.3041839599609375,0.1478271484375,9.817398071289062,0
48021276735187,0.29461669921875,0.186126708984375,9.848526000976562,0
48021279207111,0.320953369140625,0.1717681884765625,9.8365478515625,0
48021281709552,0.3233489990234375,0.1095123291015625,9.860488891601562,0
48021284181476,0.2730712890625,0.1358489990234375,9.855712890625,0
48021286653400,0.316162109375,0.1669769287109375,9.858108520507812,0
48021289125324,0.320953369140625,0.174163818359375,9.884445190429688,0
48021291627765,0.2850341796875,0.1262664794921875,9.84613037109375,0
48021294099689,0.3041839599609375,0.1526031494140625,9.84613037109375,0
48021296571613,0.30657958984375,0.1143035888671875,9.92034912109375,0
48021299074054,0.3185577392578125,0.0975494384765625,9.891616821289062,0
48021301545978,0.301788330078125,0.1502227783203125,9.882049560546875,0
48021304017902,0.316162109375,0.121490478515625,9.865280151367188,0
48021306489826,0.32574462890625,0.154998779296875,9.829376220703125,0
48021308992267,0.289825439453125,0.1358489990234375,9.8245849609375,0
48021311464191,0.3137664794921875,0.128662109375,9.870071411132812,0
48021313936115,0.3185577392578125,0.090362548828125,9.884445190429688,0
48021316438556,0.32574462890625,0.13824462890625,9.848526000976562,0
48021318910480,0.27545166015625,0.1789398193359375,9.87725830078125,0
48021321382404,0.3233489990234375,0.11669921875,9.8988037109375,0
48021323854328,0.3664398193359375,0.1478271484375,9.865280151367188,0
48021326356769,0.3185577392578125,0.1526031494140625,9.831771850585938,0
48021328828693,0.301788330078125,0.1143035888671875,9.870071411132812,0
48021331300617,0.320953369140625,0.174163818359375,9.88922119140625,0
48021333772541,0.328125,0.121490478515625,9.874862670898438,0
48021336274982,0.30657958984375,0.111907958984375,9.819793701171875,0
48021338746906,0.2922210693359375,0.1358489990234375,9.860488891601562,0
48021341218830,0.29461669921875,0.1669769287109375,9.870071411132812,0
48021343721271,0.311370849609375,0.1190948486328125,9.862884521484375,0
48021346193195,0.316162109375,0.133453369140625,9.812606811523438,0
48021348665119,0.3185577392578125,0.16937255859375,9.858108520507812,0
48021351137043,0.299407958984375,0.1502227783203125,9.870071411132812,0
48021353639484,0.30657958984375,0.111907958984375,9.86767578125,0
48021356111408,0.3041839599609375,0.13824462890625,9.874862670898438,0
48021358583332,0.301788330078125,0.154998779296875,9.812606811523438,0
48021361085773,0.3233489990234375,0.1262664794921875,9.826980590820312,0
48021363557697,0.3185577392578125,0.143035888671875,9.879653930664062,0
48021366060138,0.2826385498046875,0.099945068359375,9.922744750976562,0
48021368532062,0.2922210693359375,0.1717681884765625,9.896408081054688,0
48021371003986,0.316162109375,0.1454315185546875,9.865280151367188,0
48021373475910,0.2850341796875,0.13824462890625,9.872467041015625,0
48021375947834,0.299407958984375,0.128662109375,9.874862670898438,0
48021378450275,0.27545166015625,0.121490478515625,9.838943481445312,0
48021380922199,0.2874298095703125,0.0783843994140625,9.891616821289062,0
48021383394123,0.342498779296875,0.1238861083984375,9.86767578125,0
48021385866047,0.3472900390625,0.1454315185546875,9.87725830078125,0
48021388368488,0.268280029296875,0.1190948486328125,9.872467041015625,0
48021390840412,0.280242919921875,0.1406402587890625,9.84613037109375,0
48021393312336,0.342498779296875,0.1454315185546875,9.841339111328125,0
48021395814777,0.3353118896484375,0.121490478515625,9.829376220703125,0
48021398286701,0.3185577392578125,0.1454315185546875,9.872467041015625,0
48021400758625,0.2706756591796875,0.1621856689453125,9.886825561523438,0
48021403230548,0.301788330078125,0.1406402587890625,9.843734741210938,0
48021405732990,0.320953369140625,0.128662109375,9.858108520507812,0
48021408204914,0.3233489990234375,0.133453369140625,9.8245849609375,0
48021410707355,0.3041839599609375,0.10711669921875,9.879653930664062,0
48021413179279,0.30657958984375,0.13824462890625,9.8365478515625,0
48021415651203,0.3305206298828125,0.1238861083984375,9.838943481445312,0
48021418123127,0.320953369140625,0.143035888671875,9.874862670898438,0
48021420595050,0.2826385498046875,0.154998779296875,9.848526000976562,0
48021423097492,0.29461669921875,0.1502227783203125,9.874862670898438,0
48021425599933,0.33770751953125,0.1789398193359375,9.872467041015625,0
48021428071857,0.311370849609375,0.143035888671875,9.843734741210938,0
48021430543781,0.280242919921875,0.0975494384765625,9.879653930664062,0
48021433046222,0.3137664794921875,0.143035888671875,9.853317260742188,0
48021435518146,0.301788330078125,0.1597900390625,9.848526000976562,0
48021437990070,0.3137664794921875,0.154998779296875,9.865280151367188,0
48021440492511,0.3137664794921875,0.1238861083984375,9.829376220703125,0
48021442964435,0.3664398193359375,0.1454315185546875,9.8365478515625,0
48021445436359,0.289825439453125,0.1143035888671875,9.800643920898438,0
48021447908283,0.27545166015625,0.1047210693359375,9.84613037109375,0
48021450410724,0.3089752197265625,0.121490478515625,9.872467041015625,0
48021452882648,0.311370849609375,0.1478271484375,9.874862670898438,0
48021455354572,0.3401031494140625,0.1526031494140625,9.865280151367188,0
48021457857013,0.299407958984375,0.1238861083984375,9.894012451171875,0
48021460328937,0.3185577392578125,0.13824462890625,9.90838623046875,0
48021462800861,0.30657958984375,0.143035888671875,9.886825561523438,0
48021465272785,0.299407958984375,0.143035888671875,9.865280151367188,0
48021467775226,0.3137664794921875,0.133453369140625,9.896408081054688,0
48021470247150,0.3089752197265625,0.1669769287109375,9.896408081054688,0
48021472719074,0.3041839599609375,0.1597900390625,9.855712890625,0
48021475190998,0.316162109375,0.1478271484375,9.841339111328125,0
48021477693439,0.320953369140625,0.1406402587890625,9.901199340820312,0
48021480165363,0.311370849609375,0.1454315185546875,9.87725830078125,0
48021482637287,0.311370849609375,0.1310577392578125,9.829376220703125,0
48021485139728,0.320953369140625,0.1047210693359375,9.903594970703125,0
48021487611652,0.3401031494140625,0.1526031494140625,9.8988037109375,0
48021490083576,0.3305206298828125,0.1765594482421875,9.86767578125,0
48021492555500,0.3089752197265625,0.1238861083984375,9.8988037109375,0
48021495057941,0.3089752197265625,0.1526031494140625,9.848526000976562,0
48021497529865,0.2826385498046875,0.1238861083984375,9.829376220703125,0
48021500001789,0.30657958984375,0.111907958984375,9.905990600585938,0
48021502504230,0.3185577392578125,0.1597900390625,9.855712890625,0
48021504976154,0.301788330078125,0.1358489990234375,9.812606811523438,0
48021507448078,0.268280029296875,0.195709228515625,9.865280151367188,0
48021509920002,0.2706756591796875,0.164581298828125,9.891616821289062,0
48021512422443,0.3353118896484375,0.133453369140625,9.865280151367188,0
48021514894367,0.29461669921875,0.1358489990234375,9.838943481445312,0
48021517366291,0.2922210693359375,0.099945068359375,9.90838623046875,0
48021519868732,0.3089752197265625,0.13824462890625,9.886825561523438,0
48021522340656,0.29461669921875,0.1573944091796875,9.872467041015625,0
48021524812580,0.30657958984375,0.1238861083984375,9.870071411132812,0
48021527315021,0.3089752197265625,0.1526031494140625,9.841339111328125,0
48021529786945,0.3185577392578125,0.143035888671875,9.865280151367188,0
48021532258869,0.3353118896484375,0.1454315185546875,9.896408081054688,0
48021534730793,0.3448944091796875,0.0855712890625,9.865280151367188,0
48021537233234,0.364044189453125,0.1406402587890625,9.870071411132812,0
48021539705158,0.316162109375,0.1717681884765625,9.822189331054688,0
48021542177082,0.299407958984375,0.1597900390625,9.819793701171875,0
48021544649006,0.311370849609375,0.128662109375,9.870071411132812,0
48021547151447,0.3401031494140625,0.164581298828125,9.860488891601562,0
48021549623371,0.3185577392578125,0.154998779296875,9.891616821289062,0
48021552125812,0.2730712890625,0.121490478515625,9.862884521484375,0
48021554597736,0.3233489990234375,0.1454315185546875,9.86767578125,0
48021557069660,0.3041839599609375,0.121490478515625,9.891616821289062,0
48021559541584,0.29461669921875,0.11669921875,9.874862670898438,0
48021562013507,0.280242919921875,0.121490478515625,9.86767578125,0
48021564515949,0.299407958984375,0.1406402587890625,9.860488891601562,0
48021566987873,0.3185577392578125,0.1358489990234375,9.829376220703125,0
48021569459797,0.299407958984375,0.164581298828125,9.841339111328125,0
48021571931720,0.3041839599609375,0.143035888671875,9.850921630859375,0
48021574434162,0.2826385498046875,0.13824462890625,9.8245849609375,0
48021576906086,0.3089752197265625,0.128662109375,9.860488891601562,0
48021579378009,0.316162109375,0.1095123291015625,9.84613037109375,0
48021581880451,0.2778472900390625,0.133453369140625,9.81500244140625,0
48021584352375,0.320953369140625,0.1621856689453125,9.81500244140625,0
48021586824298,0.3089752197265625,0.164581298828125,9.862884521484375,0
48021589296222,0.316162109375,0.111907958984375,9.834152221679688,0
48021591798664,0.3089752197265625,0.1262664794921875,9.860488891601562,0
48021594270588,0.29461669921875,0.143035888671875,9.882049560546875,0
48021596773029,0.3041839599609375,0.18133544921875,9.8365478515625,0
48021599244953,0.3185577392578125,0.1621856689453125,9.829376220703125,0
48021601716877,0.30657958984375,0.1358489990234375,9.896408081054688,0
48021604188800,0.2874298095703125,0.1095123291015625,9.862884521484375,0
48021606691242,0.299407958984375,0.10711669921875,9.841339111328125,0
48021609163166,0.3353118896484375,0.090362548828125,9.862884521484375,0
48021611635089,0.32574462890625,0.090362548828125,9.886825561523438,0
48021614107013,0.30657958984375,0.121490478515625,9.87725830078125,0
48021616609455,0.3233489990234375,0.1047210693359375,9.855712890625,0
48021619081379,0.3401031494140625,0.13824462890625,9.853317260742188,0
48021621553302,0.342498779296875,0.102325439453125,9.874862670898438,0
48021624025226,0.33770751953125,0.13824462890625,9.834152221679688,0
48021626527668,0.2922210693359375,0.1406402587890625,9.834152221679688,0
48021628999591,0.3233489990234375,0.133453369140625,9.870071411132812,0
48021631471515,0.3472900390625,0.1526031494140625,9.8988037109375,0
48021633973957,0.3233489990234375,0.1406402587890625,9.870071411132812,0
48021636445881,0.328125,0.1502227783203125,9.858108520507812,0
48021638917804,0.3185577392578125,0.133453369140625,9.882049560546875,0
48021641389728,0.320953369140625,0.1478271484375,9.841339111328125,0
48021643892170,0.320953369140625,0.0783843994140625,9.812606811523438,0
48021646364093,0.311370849609375,0.1190948486328125,9.860488891601562,0
48021648836017,0.3089752197265625,0.154998779296875,9.838943481445312,0
48021651338459,0.316162109375,0.207672119140625,9.84613037109375,0
48021653810382,0.311370849609375,0.1454315185546875,9.874862670898438,0
48021656282306,0.3089752197265625,0.128662109375,9.81500244140625,0
48021658754230,0.3233489990234375,0.1406402587890625,9.848526000976562,0
48021661256672,0.2850341796875,0.111907958984375,9.865280151367188,0
48021663728595,0.3089752197265625,0.09515380859375,9.850921630859375,0
48021666200519,0.3448944091796875,0.1143035888671875,9.8365478515625,0
48021668702961,0.3401031494140625,0.1885223388671875,9.8988037109375,0
48021671174884,0.30657958984375,0.128662109375,9.872467041015625,0
48021673646808,0.2970123291015625,0.0927581787109375,9.84613037109375,0
48021676118732,0.3185577392578125,0.11669921875,9.87725830078125,0
48021678621173,0.2850341796875,0.10711669921875,9.882049560546875,0
48021681093097,0.320953369140625,0.1095123291015625,9.838943481445312,0
48021683565021,0.33770751953125,0.1454315185546875,9.894012451171875,0
48021686067463,0.299407958984375,0.0927581787109375,9.88922119140625,0
48021688539386,0.301788330078125,0.1047210693359375,9.884445190429688,0
48021691011310,0.342498779296875,0.11669921875,9.87725830078125,0
48021693513752,0.3185577392578125,0.154998779296875,9.886825561523438,0
48021695985675,0.2922210693359375,0.1478271484375,9.891616821289062,0
48021698457599,0.2874298095703125,0.154998779296875,9.872467041015625,0
48021700929523,0.3233489990234375,0.1143035888671875,9.8245849609375,0
48021703431964,0.3041839599609375,0.143035888671875,9.860488891601562,0
48021705903888,0.268280029296875,0.0975494384765625,9.843734741210938,0
48021708375812,0.2850341796875,0.1262664794921875,9.848526000976562,0
48021710878254,0.3496856689453125,0.1478271484375,9.870071411132812,0
48021713380695,0.316162109375,0.1262664794921875,9.819793701171875,0
48021715852619,0.299407958984375,0.1310577392578125,9.862884521484375,0
48021718324543,0.2826385498046875,0.1478271484375,9.841339111328125,0
48021720826984,0.3041839599609375,0.128662109375,9.8245849609375,0
48021723298908,0.2850341796875,0.1095123291015625,9.870071411132812,0
48021725770832,0.301788330078125,0.1358489990234375,9.86767578125,0
48021728242756,0.3137664794921875,0.1406402587890625,9.884445190429688,0
48021730745197,0.289825439453125,0.1669769287109375,9.858108520507812,0
48021733217121,0.328125,0.111907958984375,9.841339111328125,0
48021735689045,0.3089752197265625,0.143035888671875,9.84613037109375,0
48021738191486,0.2826385498046875,0.174163818359375,9.855712890625,0
48021740663410,0.2443389892578125,0.1190948486328125,9.855712890625,0
48021743135334,0.3137664794921875,0.0927581787109375,9.822189331054688,0
48021745607257,0.311370849609375,0.1262664794921875,9.800643920898438,0
48021748109699,0.2850341796875,0.1526031494140625,9.829376220703125,0
48021750581623,0.3305206298828125,0.1095123291015625,9.884445190429688,0
48021753053547,0.320953369140625,0.1190948486328125,9.819793701171875,0
48021755525470,0.332916259765625,0.1358489990234375,9.865280151367188,0
48021758027912,0.3401031494140625,0.1310577392578125,9.850921630859375,0
48021760499836,0.2922210693359375,0.1502227783203125,9.865280151367188,0
48021763002277,0.3041839599609375,0.19091796875,9.831771850585938,0
48021765474201,0.311370849609375,0.128662109375,9.838943481445312,0
48021767946125,0.3305206298828125,0.1526031494140625,9.855712890625,0
48021770418048,0.299407958984375,0.1358489990234375,9.894012451171875,0
48021772889972,0.3401031494140625,0.1358489990234375,9.87725830078125,0
48021775392414,0.328125,0.099945068359375,9.865280151367188,0
48021777864338,0.3185577392578125,0.121490478515625,9.88922119140625,0
48021780336261,0.32574462890625,0.1621856689453125,9.88922119140625,0
48021782838703,0.289825439453125,0.1143035888671875,9.834152221679688,0
48021785310627,0.316162109375,0.121490478515625,9.858108520507812,0
48021787782550,0.320953369140625,0.13824462890625,9.831771850585938,0
48021790254474,0.30657958984375,0.10711669921875,9.8365478515625,0
48021792756916,0.2850341796875,0.1526031494140625,9.838943481445312,0
48021795228839,0.320953369140625,0.1190948486328125,9.843734741210938,0
48021797700763,0.299407958984375,0.1478271484375,9.860488891601562,0
48021800203205,0.2874298095703125,0.121490478515625,9.891616821289062,0
48021802675129,0.2826385498046875,0.1238861083984375,9.841339111328125,0
48021805147052,0.2874298095703125,0.1406402587890625,9.831771850585938,0
48021807618976,0.299407958984375,0.1526031494140625,9.86767578125,0
48021810121418,0.3233489990234375,0.1310577392578125,9.87725830078125,0
48021812593341,0.299407958984375,0.164581298828125,9.841339111328125,0
48021815065265,0.3137664794921875,0.1502227783203125,9.858108520507812,0
48021817567707,0.3233489990234375,0.1837310791015625,9.87725830078125,0
48021820039631,0.316162109375,0.1526031494140625,9.86767578125,0
48021822511554,0.32574462890625,0.1095123291015625,9.831771850585938,0
48021824983478,0.2970123291015625,0.1143035888671875,9.8365478515625,0
48021827485920,0.320953369140625,0.13824462890625,9.834152221679688,0
48021829957843,0.29461669921875,0.1238861083984375,9.858108520507812,0
48021832460285,0.3041839599609375,0.111907958984375,9.812606811523438,0
48021834932209,0.2850341796875,0.133453369140625,9.88922119140625,0
48021837404132,0.3089752197265625,0.1502227783203125,9.858108520507812,0
48021839876056,0.3353118896484375,0.1262664794921875,9.829376220703125,0
48021842347980,0.301788330078125,0.1573944091796875,9.874862670898438,0
48021844850422,0.316162109375,0.1454315185546875,9.872467041015625,0
48021847322345,0.342498779296875,0.0783843994140625,9.879653930664062,0
48021849794269,0.280242919921875,0.128662109375,9.855712890625,0
48021852296711,0.3185577392578125,0.1573944091796875,9.858108520507812,0
48021854768634,0.3089752197265625,0.174163818359375,9.862884521484375,0
48021857240558,0.289825439453125,0.1717681884765625,9.882049560546875,0
48021859712482,0.301788330078125,0.128662109375,9.841339111328125,0
48021862214923,0.3233489990234375,0.143035888671875,9.879653930664062,0
48021864686847,0.301788330078125,0.143035888671875,9.862884521484375,0
48021867158771,0.311370849609375,0.1262664794921875,9.853317260742188,0
48021869661213,0.30657958984375,0.121490478515625,9.87725830078125,0
48021872133136,0.3353118896484375,0.1262664794921875,9.838943481445312,0
48021874605060,0.316162109375,0.121490478515625,9.86767578125,0
48021877076984,0.299407958984375,0.1478271484375,9.879653930664062,0
48021879579425,0.299407958984375,0.1478271484375,9.862884521484375,0
48021882051349,0.33770751953125,0.1358489990234375,9.894012451171875,0
48021884523273,0.3233489990234375,0.111907958984375,9.894012451171875,0
48021887025714,0.3448944091796875,0.133453369140625,9.865280151367188,0
48021889497638,0.3137664794921875,0.1262664794921875,9.874862670898438,0
48021891969562,0.27545166015625,0.1621856689453125,9.862884521484375,0
48021894472004,0.332916259765625,0.1621856689453125,9.834152221679688,0
48021896943927,0.3305206298828125,0.13824462890625,9.901199340820312,0
48021899415851,0.328125,0.1238861083984375,9.886825561523438,0
48021901887775,0.3305206298828125,0.133453369140625,9.862884521484375,0
48021904390216,0.311370849609375,0.1454315185546875,9.822189331054688,0
48021906862140,0.3233489990234375,0.1478271484375,9.858108520507812,0
48021909334064,0.3089752197265625,0.1573944091796875,9.87725830078125,0
48021911836506,0.2874298095703125,0.1502227783203125,9.826980590820312,0
48021914308429,0.311370849609375,0.121490478515625,9.86767578125,0
48021916780353,0.299407958984375,0.1238861083984375,9.882049560546875,0
48021919252277,0.3137664794921875,0.1310577392578125,9.874862670898438,0
48021921754718,0.3041839599609375,0.13824462890625,9.841339111328125,0
48021924226642,0.280242919921875,0.1095123291015625,9.872467041015625,0
48021926729084,0.2970123291015625,0.121490478515625,9.87725830078125,0
48021929201007,0.29461669921875,0.1358489990234375,9.838943481445312,0
48021931672931,0.311370849609375,0.1310577392578125,9.86767578125,0
48021934144855,0.3041839599609375,0.1597900390625,9.848526000976562,0
48021936616779,0.328125,0.11669921875,9.848526000976562,0
48021939119220,0.316162109375,0.1526031494140625,9.858108520507812,0
48021941591144,0.299407958984375,0.1669769287109375,9.831771850585938,0
48021944063068,0.2778472900390625,0.1981048583984375,9.805435180664062,0
48021946565509,0.30657958984375,0.1669769287109375,9.858108520507812,0
48021949037433,0.29461669921875,0.133453369140625,9.831771850585938,0
48021951509357,0.2922210693359375,0.1238861083984375,9.886825561523438,0
48021953981281,0.3089752197265625,0.1478271484375,9.858108520507812,0
48021956483722,0.311370849609375,0.1478271484375,9.819793701171875,0
48021958955646,0.3305206298828125,0.099945068359375,9.831771850585938,0
48021961427570,0.316162109375,0.1238861083984375,9.848526000976562,0
48021963930011,0.3041839599609375,0.1358489990234375,9.88922119140625,0
48021966401935,0.29461669921875,0.1885223388671875,9.872467041015625,0
48021968873859,0.30657958984375,0.1789398193359375,9.805435180664062,0
48021971376300,0.328125,0.128662109375,9.86767578125,0
48021973848224,0.3089752197265625,0.128662109375,9.860488891601562,0
48021976320148,0.3041839599609375,0.1406402587890625,9.860488891601562,0
48021978792072,0.3353118896484375,0.1310577392578125,9.862884521484375,0
48021981294513,0.3353118896484375,0.099945068359375,9.901199340820312,0
48021983766437,0.311370849609375,0.080780029296875,9.817398071289062,0
48021986238361,0.2610931396484375,0.068817138671875,9.855712890625,0
48021988710285,0.2778472900390625,0.128662109375,9.8988037109375,0
48021991212726,0.316162109375,0.1526031494140625,9.874862670898438,0
48021993684650,0.301788330078125,0.1262664794921875,9.810211181640625,0
48021996187091,0.30657958984375,0.102325439453125,9.838943481445312,0
48021998689533,0.289825439453125,0.1502227783203125,9.925140380859375,0
48022001161457,0.29461669921875,0.133453369140625,9.865280151367188,0
48022003633381,0.3353118896484375,0.11669921875,9.870071411132812,0
48022006105304,0.30657958984375,0.1597900390625,9.87725830078125,0
48022008607746,0.3089752197265625,0.1143035888671875,9.87725830078125,0
48022011079670,0.3233489990234375,0.13824462890625,9.826980590820312,0
48022013551593,0.328125,0.128662109375,9.855712890625,0
48022016054035,0.32574462890625,0.1310577392578125,9.84613037109375,0
48022018525959,0.32574462890625,0.1358489990234375,9.88922119140625,0
48022020997882,0.3089752197265625,0.1310577392578125,9.915557861328125,0
48022023469806,0.289825439453125,0.13824462890625,9.858108520507812,0
48022025972248,0.2970123291015625,0.133453369140625,9.826980590820312,0
48022028444172,0.2874298095703125,0.128662109375,9.831771850585938,0
48022030916095,0.3448944091796875,0.1310577392578125,9.84613037109375,0
48022033418537,0.301788330078125,0.1143035888671875,9.865280151367188,0
48022035890461,0.301788330078125,0.1143035888671875,9.834152221679688,0
48022038362384,0.289825439453125,0.154998779296875,9.896408081054688,0
48022040834308,0.29461669921875,0.1143035888671875,9.891616821289062,0
48022043336750,0.27545166015625,0.1238861083984375,9.870071411132812,0
48022045808673,0.2970123291015625,0.1573944091796875,9.884445190429688,0
48022048311115,0.316162109375,0.121490478515625,9.860488891601562,0
48022050783039,0.316162109375,0.1454315185546875,9.831771850585938,0
48022053254963,0.3520660400390625,0.1573944091796875,9.848526000976562,0
48022055726886,0.32574462890625,0.18133544921875,9.858108520507812,0
48022058198810,0.320953369140625,0.1837310791015625,9.862884521484375,0
48022060701252,0.33770751953125,0.13824462890625,9.862884521484375,0
48022063173175,0.3137664794921875,0.1526031494140625,9.87725830078125,0
48022065645099,0.2922210693359375,0.1047210693359375,9.858108520507812,0
48022068117023,0.3137664794921875,0.13824462890625,9.860488891601562,0
48022070619464,0.3353118896484375,0.1621856689453125,9.874862670898438,0
48022073091388,0.3041839599609375,0.1143035888671875,9.905990600585938,0
48022075563312,0.320953369140625,0.133453369140625,9.870071411132812,0
48022078065754,0.3305206298828125,0.154998779296875,9.848526000976562,0
48022080537677,0.32574462890625,0.1837310791015625,9.826980590820312,0
48022083009601,0.3401031494140625,0.1358489990234375,9.86767578125,0
48022085481525,0.3472900390625,0.111907958984375,9.841339111328125,0
48022087983966,0.2970123291015625,0.0975494384765625,9.838943481445312,0
48022090455890,0.2970123291015625,0.13824462890625,9.848526000976562,0
48022092927814,0.2970123291015625,0.143035888671875,9.8365478515625,0
48022095430256,0.3137664794921875,0.11669921875,9.831771850585938,0
48022097902179,0.3137664794921875,0.121490478515625,9.810211181640625,0
48022100374103,0.301788330078125,0.1310577392578125,9.81500244140625,0
48022102846027,0.30657958984375,0.1310577392578125,9.870071411132812,0
48022105348468,0.33770751953125,0.143035888671875,9.855712890625,0
48022107820392,0.332916259765625,0.143035888671875,9.855712890625,0
48022110322834,0.30657958984375,0.174163818359375,9.915557861328125,0
48022112794757,0.3185577392578125,0.133453369140625,9.848526000976562,0
48022115266681,0.3089752197265625,0.0975494384765625,9.896408081054688,0
48022117738605,0.30657958984375,0.1526031494140625,9.88922119140625,0
48022120210529,0.3233489990234375,0.1262664794921875,9.807830810546875,0
48022122712970,0.2970123291015625,0.1310577392578125,9.838943481445312,0
48022125184894,0.2850341796875,0.16937255859375,9.88922119140625,0
48022127656818,0.320953369140625,0.1310577392578125,9.853317260742188,0
48022130159259,0.3137664794921875,0.1047210693359375,9.853317260742188,0
48022132631183,0.2730712890625,0.164581298828125,9.87725830078125,0
48022135103107,0.3041839599609375,0.1262664794921875,9.896408081054688,0
48022137575031,0.299407958984375,0.0975494384765625,9.884445190429688,0
48022140077472,0.3041839599609375,0.13824462890625,9.865280151367188,0
48022142549396,0.299407958984375,0.128662109375,9.831771850585938,0
48022145021320,0.316162109375,0.1526031494140625,9.831771850585938,0
48022147523761,0.311370849609375,0.1238861083984375,9.826980590820312,0
48022149995685,0.2826385498046875,0.128662109375,9.879653930664062,0
48022152467609,0.332916259765625,0.128662109375,9.858108520507812,0
48022154970050,0.3041839599609375,0.10711669921875,9.86767578125,0
48022157441974,0.316162109375,0.1262664794921875,9.865280151367188,0
48022159913898,0.30657958984375,0.1358489990234375,9.886825561523438,0
48022162385822,0.2826385498046875,0.1310577392578125,9.872467041015625,0
48022164888263,0.33770751953125,0.1454315185546875,9.8365478515625,0
48022167360187,0.2778472900390625,0.1406402587890625,9.860488891601562,0
48022169832111,0.301788330078125,0.1502227783203125,9.848526000976562,0
48022172334552,0.316162109375,0.111907958984375,9.87725830078125,0
48022174806476,0.2850341796875,0.1454315185546875,9.829376220703125,0
48022177278400,0.3041839599609375,0.09515380859375,9.891616821289062,0
48022179750324,0.3520660400390625,0.154998779296875,9.848526000976562,0
48022182252765,0.3137664794921875,0.1717681884765625,9.800643920898438,0
48022184724689,0.3137664794921875,0.1143035888671875,9.819793701171875,0
48022187196613,0.32574462890625,0.1047210693359375,9.853317260742188,0
48022189668537,0.29461669921875,0.1526031494140625,9.882049560546875,0
48022192170978,0.280242919921875,0.1454315185546875,9.858108520507812,0
48022194642902,0.3401031494140625,0.1454315185546875,9.84613037109375,0
48022197114826,0.3041839599609375,0.1597900390625,9.855712890625,0
48022199617267,0.3137664794921875,0.143035888671875,9.850921630859375,0
48022202089191,0.299407958984375,0.111907958984375,9.879653930664062,0
48022204561115,0.3137664794921875,0.133453369140625,9.896408081054688,0
48022207033039,0.3401031494140625,0.1454315185546875,9.850921630859375,0
48022209535480,0.2826385498046875,0.154998779296875,9.874862670898438,0
48022212007404,0.3305206298828125,0.09515380859375,9.8365478515625,0
48022214479328,0.3520660400390625,0.1095123291015625,9.860488891601562,0
48022216981769,0.3137664794921875,0.1717681884765625,9.894012451171875,0
48022219453693,0.3137664794921875,0.121490478515625,9.886825561523438,0
48022221925617,0.3185577392578125,0.1143035888671875,9.855712890625,0
48022224428058,0.342498779296875,0.154998779296875,9.848526000976562,0
48022226899982,0.320953369140625,0.1406402587890625,9.88922119140625,0
48022229371906,0.3185577392578125,0.1238861083984375,9.848526000976562,0
48022231843830,0.30657958984375,0.1502227783203125,9.834152221679688,0
48022234346271,0.301788330078125,0.154998779296875,9.853317260742188,0
48022236818195,0.301788330078125,0.1238861083984375,9.865280151367188,0
48022239290119,0.316162109375,0.133453369140625,9.886825561523438,0
48022241792560,0.3089752197265625,0.174163818359375,9.865280151367188,0
48022244264484,0.299407958984375,0.1143035888671875,9.831771850585938,0
48022246736408,0.316162109375,0.1406402587890625,9.84613037109375,0
48022249238849,0.280242919921875,0.1789398193359375,9.860488891601562,0
48022251710773,0.301788330078125,0.1310577392578125,9.865280151367188,0
48022254182697,0.289825439453125,0.1573944091796875,9.860488891601562,0
48022256654621,0.3089752197265625,0.1310577392578125,9.901199340820312,0
48022259157062,0.3089752197265625,0.1238861083984375,9.882049560546875,0
48022261628986,0.301788330078125,0.099945068359375,9.865280151367188,0
48022264100910,0.29461669921875,0.11669921875,9.87725830078125,0
48022266572834,0.3233489990234375,0.1526031494140625,9.915557861328125,0
48022269075275,0.342498779296875,0.121490478515625,9.848526000976562,0
48022271547199,0.3041839599609375,0.121490478515625,9.838943481445312,0
48022274019123,0.3089752197265625,0.121490478515625,9.874862670898438,0
48022276491047,0.3305206298828125,0.1526031494140625,9.891616821289062,0
48022278993488,0.2778472900390625,0.099945068359375,9.879653930664062,0
48022281465412,0.3185577392578125,0.1238861083984375,9.903594970703125,0
48022283967853,0.32574462890625,0.1526031494140625,9.850921630859375,0
48022286470295,0.2778472900390625,0.1597900390625,9.841339111328125,0
48022288942218,0.311370849609375,0.1310577392578125,9.882049560546875,0
48022291414142,0.3089752197265625,0.1526031494140625,9.850921630859375,0
48022293916584,0.32574462890625,0.128662109375,9.913162231445312,0
48022296388507,0.32574462890625,0.1047210693359375,9.879653930664062,0
48022298860431,0.2826385498046875,0.133453369140625,9.874862670898438,0
48022301332355,0.3041839599609375,0.1406402587890625,9.886825561523438,0
48022303834797,0.32574462890625,0.121490478515625,9.838943481445312,0
48022306306720,0.32574462890625,0.1621856689453125,9.855712890625,0
48022308778644,0.3185577392578125,0.16937255859375,9.855712890625,0
48022311250568,0.332916259765625,0.1358489990234375,9.903594970703125,0
48022313753009,0.3353118896484375,0.1262664794921875,9.879653930664062,0
48022316224933,0.3089752197265625,0.1597900390625,9.841339111328125,0
48022318696857,0.2922210693359375,0.11669921875,9.872467041015625,0
48022321199298,0.3089752197265625,0.1573944091796875,9.831771850585938,0
48022323671222,0.289825439453125,0.1454315185546875,9.819793701171875,0
48022326143146,0.280242919921875,0.1358489990234375,9.858108520507812,0
48022328615070,0.316162109375,0.1310577392578125,9.896408081054688,0
48022331117511,0.332916259765625,0.164581298828125,9.896408081054688,0
48022333589435,0.332916259765625,0.164581298828125,9.858108520507812,0
48022336061359,0.3041839599609375,0.143035888671875,9.855712890625,0
48022338563800,0.301788330078125,0.121490478515625,9.862884521484375,0
48022341035724,0.3137664794921875,0.1454315185546875,9.807830810546875,0
48022343507648,0.301788330078125,0.1358489990234375,9.8245849609375,0
48022345979572,0.32574462890625,0.18133544921875,9.8365478515625,0
48022348482013,0.301788330078125,0.133453369140625,9.853317260742188,0
48022350953937,0.301788330078125,0.164581298828125,9.884445190429688,0
48022353425861,0.316162109375,0.1502227783203125,9.838943481445312,0
48022355928302,0.3137664794921875,0.13824462890625,9.884445190429688,0
48022358400226,0.29461669921875,0.1310577392578125,9.896408081054688,0
48022360872150,0.299407958984375,0.154998779296875,9.862884521484375,0
48022363344074,0.301788330078125,0.1406402587890625,9.896408081054688,0
48022365846515,0.299407958984375,0.121490478515625,9.829376220703125,0
48022368318439,0.332916259765625,0.13824462890625,9.812606811523438,0
48022370790363,0.299407958984375,0.1310577392578125,9.855712890625,0
48022373292804,0.32574462890625,0.1238861083984375,9.901199340820312,0
48022375764728,0.3496856689453125,0.1478271484375,9.822189331054688,0
48022378236652,0.289825439453125,0.121490478515625,9.865280151367188,0
48022380708576,0.2874298095703125,0.1262664794921875,9.843734741210938,0
48022383211017,0.2874298095703125,0.121490478515625,9.848526000976562,0
48022385682941,0.3137664794921875,0.164581298828125,9.843734741210938,0
48022388185382,0.32574462890625,0.1238861083984375,9.843734741210938,0
48022390657306,0.3353118896484375,0.164581298828125,9.81500244140625,0
48022393129230,0.299407958984375,0.1358489990234375,9.858108520507812,0
48022395601154,0.3137664794921875,0.143035888671875,9.838943481445312,0
48022398073078,0.320953369140625,0.1478271484375,9.84613037109375,0
48022400575519,0.3233489990234375,0.1478271484375,9.870071411132812,0
48022403047443,0.3089752197265625,0.13824462890625,9.853317260742188,0
48022405519367,0.289825439453125,0.128662109375,9.858108520507812,0
48022407991291,0.3185577392578125,0.1478271484375,9.874862670898438,0
48022410493732,0.301788330078125,0.143035888671875,9.891616821289062,0
48022412965656,0.3137664794921875,0.13824462890625,9.8988037109375,0
48022415437580,0.3305206298828125,0.1358489990234375,9.838943481445312,0
48022417940021,0.3185577392578125,0.207672119140625,9.838943481445312,0
48022420411945,0.2826385498046875,0.1765594482421875,9.853317260742188,0
48022422883869,0.3041839599609375,0.1047210693359375,9.865280151367188,0
48022425355793,0.3353118896484375,0.164581298828125,9.874862670898438,0
48022427858234,0.3496856689453125,0.1502227783203125,9.865280151367188,0
48022430330158,0.3089752197265625,0.1262664794921875,9.865280151367188,0
48022432832599,0.2850341796875,0.1621856689453125,9.891616821289062,0
48022435304523,0.2922210693359375,0.1526031494140625,9.872467041015625,0
48022437776447,0.33770751953125,0.1454315185546875,9.812606811523438,0
48022440248371,0.3089752197265625,0.1095123291015625,9.8365478515625,0
48022442720295,0.316162109375,0.1597900390625,9.855712890625,0
48022445222736,0.311370849609375,0.128662109375,9.855712890625,0
48022447694660,0.3305206298828125,0.1526031494140625,9.848526000976562,0
48022450166584,0.3185577392578125,0.1789398193359375,9.870071411132812,0
48022452669025,0.320953369140625,0.1310577392578125,9.819793701171875,0
48022455140949,0.342498779296875,0.1717681884765625,9.826980590820312,0
48022457612873,0.29461669921875,0.1837310791015625,9.882049560546875,0
48022460084797,0.3233489990234375,0.10711669921875,9.872467041015625,0
48022462587238,0.3089752197265625,0.143035888671875,9.886825561523438,0
48022465059162,0.3185577392578125,0.1478271484375,9.86767578125,0
48022467531086,0.328125,0.1573944091796875,9.901199340820312,0
48022470033527,0.29461669921875,0.13824462890625,9.858108520507812,0
48022472505451,0.241943359375,0.1358489990234375,9.838943481445312,0
48022474977375,0.289825439453125,0.1143035888671875,9.853317260742188,0
48022477479816,0.3137664794921875,0.121490478515625,9.882049560546875,0
48022479951740,0.30657958984375,0.1358489990234375,9.913162231445312,0
48022482423664,0.299407958984375,0.11669921875,9.879653930664062,0
48022484895588,0.299407958984375,0.1526031494140625,9.87725830078125,0
48022487398029,0.2778472900390625,0.1478271484375,9.86767578125,0
48022489869953,0.316162109375,0.1597900390625,9.84613037109375,0
48022492341877,0.32574462890625,0.128662109375,9.8365478515625,0
48022494813800,0.299407958984375,0.1358489990234375,9.850921630859375,0
48022497316242,0.311370849609375,0.1502227783203125,9.850921630859375,0
48022499788166,0.299407958984375,0.1238861083984375,9.87725830078125,0
48022502260089,0.29461669921875,0.16937255859375,9.886825561523438,0
48022504762531,0.32574462890625,0.1310577392578125,9.829376220703125,0
48022507234455,0.299407958984375,0.1262664794921875,9.858108520507812,0
48022509706379,0.30657958984375,0.1406402587890625,9.86767578125,0
48022512178302,0.3353118896484375,0.1526031494140625,9.84613037109375,0
48022514680744,0.2874298095703125,0.1789398193359375,9.879653930664062,0
48022517152668,0.299407958984375,0.1454315185546875,9.882049560546875,0
48022519624591,0.3089752197265625,0.1454315185546875,9.829376220703125,0
48022522127033,0.2922210693359375,0.1143035888671875,9.829376220703125,0
48022524598957,0.2874298095703125,0.1621856689453125,9.884445190429688,0
48022527101398,0.29461669921875,0.19091796875,9.86767578125,0
48022529573322,0.342498779296875,0.0855712890625,9.882049560546875,0
48022532045246,0.30657958984375,0.1358489990234375,9.88922119140625,0
48022534517170,0.301788330078125,0.1358489990234375,9.850921630859375,0
48022536989093,0.3137664794921875,0.1143035888671875,9.848526000976562,0
48022539491535,0.2922210693359375,0.1358489990234375,9.879653930664062,0
48022541963459,0.3041839599609375,0.111907958984375,9.860488891601562,0
48022544435382,0.316162109375,0.13824462890625,9.860488891601562,0
48022546907306,0.301788330078125,0.0975494384765625,9.896408081054688,0
48022549409748,0.33770751953125,0.1502227783203125,9.87725830078125,0
48022551881672,0.328125,0.1478271484375,9.84613037109375,0
48022554353595,0.301788330078125,0.174163818359375,9.853317260742188,0
48022556856037,0.299407958984375,0.1406402587890625,9.860488891601562,0
48022559327961,0.3233489990234375,0.10711669921875,9.872467041015625,0
48022561799884,0.3401031494140625,0.16937255859375,9.853317260742188,0
48022564271808,0.320953369140625,0.1717681884765625,9.870071411132812,0
48022566774250,0.3041839599609375,0.1597900390625,9.8245849609375,0
48022569276691,0.2874298095703125,0.1454315185546875,9.826980590820312,0
48022571779132,0.3089752197265625,0.1358489990234375,9.87725830078125,0
48022574251056,0.32574462890625,0.1262664794921875,9.879653930664062,0
48022576722980,0.3185577392578125,0.1238861083984375,9.831771850585938,0
48022579194904,0.299407958984375,0.1095123291015625,9.865280151367188,0
48022581666828,0.289825439453125,0.154998779296875,9.870071411132812,0
48022584169269,0.301788330078125,0.11669921875,9.838943481445312,0
48022586641193,0.3089752197265625,0.13824462890625,9.862884521484375,0
48022589113117,0.320953369140625,0.154998779296875,9.862884521484375,0
48022591615558,0.320953369140625,0.11669921875,9.862884521484375,0
48022594087482,0.3089752197265625,0.1597900390625,9.855712890625,0
48022596559406,0.3496856689453125,0.128662109375,9.853317260742188,0
48022599031330,0.3185577392578125,0.1238861083984375,9.850921630859375,0
48022601533771,0.3041839599609375,0.128662109375,9.8245849609375,0
48022604005695,0.2922210693359375,0.11669921875,9.886825561523438,0
48022606477619,0.301788330078125,0.121490478515625,9.87725830078125,0
48022608980060,0.328125,0.1406402587890625,9.850921630859375,0
48022611451984,0.289825439453125,0.1597900390625,9.850921630859375,0
48022613923908,0.301788330078125,0.1406402587890625,9.84613037109375,0
48022616395832,0.2850341796875,0.1502227783203125,9.812606811523438,0
48022618898273,0.3305206298828125,0.121490478515625,9.862884521484375,0
48022621370197,0.3305206298828125,0.1238861083984375,9.841339111328125,0
48022623842121,0.320953369140625,0.1143035888671875,9.829376220703125,0
48022626344562,0.299407958984375,0.0520477294921875,9.855712890625,0
48022628816486,0.311370849609375,0.0879669189453125,9.860488891601562,0
48022631288410,0.289825439453125,0.1143035888671875,9.829376220703125,0
48022633760334,0.3089752197265625,0.143035888671875,9.8365478515625,0
48022636262775,0.2970123291015625,0.0975494384765625,9.84613037109375,0
48022638734699,0.2970123291015625,0.1238861083984375,9.858108520507812,0
48022641206623,0.29461669921875,0.1502227783203125,9.879653930664062,0
48022643709064,0.3401031494140625,0.1358489990234375,9.831771850585938,0
48022646180988,0.3760223388671875,-0.019775390625,9.594741821289062,0
48022648652912,0.4095306396484375,-0.089202880859375,9.563613891601562,0
48022651124836,0.416717529296875,-0.0269622802734375,9.57080078125,0
48022653627277,0.364044189453125,0.2100677490234375,9.757537841796875,0
48022656099201,0.1701202392578125,0.4901885986328125,10.135833740234375,0
48022658571125,0.0288543701171875,0.5787811279296875,10.198074340820312,0
48022661073566,0.0863189697265625,0.3321685791015625,9.95147705078125,0
48022663545490,0.332916259765625,0.0137481689453125,9.72882080078125,0
48022666017414,0.500518798828125,-0.129913330078125,9.752761840820312,0
48022668489338,0.3831939697265625,-0.0700531005859375,9.776702880859375,0
48022670991779,0.27545166015625,0.1047210693359375,9.819793701171875,0
48022673463703,0.12701416015625,0.322601318359375,9.934722900390625,0
48022675935627,0.1557464599609375,0.356109619140625,10.01611328125,0
48022678407550,0.2706756591796875,0.2196502685546875,9.989776611328125,0
48022680909992,0.3568572998046875,0.07598876953125,9.903594970703125,0
48022683381916,0.3041839599609375,0.0305023193359375,9.917953491210938,0
48022685853839,0.2850341796875,0.111907958984375,9.896408081054688,0
48022688356281,0.2850341796875,0.253173828125,9.870071411132812,0
48022690828205,0.3041839599609375,0.2052764892578125,9.88922119140625,0
48022693300129,0.36883544921875,0.0352935791015625,9.882049560546875,0
48022695772052,0.3137664794921875,0.047271728515625,9.87725830078125,0
48022698274494,0.25390625,0.1526031494140625,9.886825561523438,0
48022700746418,0.2970123291015625,0.195709228515625,9.834152221679688,0
48022703218341,0.3305206298828125,0.19091796875,9.853317260742188,0
48022705720783,0.3089752197265625,0.1190948486328125,9.915557861328125,0
48022708192707,0.3041839599609375,0.0831756591796875,9.850921630859375,0
48022710695148,0.289825439453125,0.1310577392578125,9.87725830078125,0
48022713167072,0.2874298095703125,0.1621856689453125,9.843734741210938,0
48022715638996,0.320953369140625,0.207672119140625,9.915557861328125,0
48022718110920,0.299407958984375,0.1143035888671875,9.841339111328125,0
48022720582843,0.2563018798828125,0.1262664794921875,9.819793701171875,0
48022723085285,0.2874298095703125,0.1406402587890625,9.860488891601562,0
48022725557209,0.3041839599609375,0.1358489990234375,9.92034912109375,0
48022728029132,0.2874298095703125,0.128662109375,9.903594970703125,0
48022730501056,0.33770751953125,0.1717681884765625,9.855712890625,0
48022733003498,0.332916259765625,0.1789398193359375,9.86767578125,0
48022735475422,0.2970123291015625,0.1095123291015625,9.860488891601562,0
48022737947345,0.32574462890625,0.111907958984375,9.848526000976562,0
48022740449787,0.2922210693359375,0.1765594482421875,9.829376220703125,0
48022742921711,0.301788330078125,0.207672119140625,9.88922119140625,0
48022745393634,0.2778472900390625,0.090362548828125,9.925140380859375,0
48022747865558,0.289825439453125,0.1238861083984375,9.903594970703125,0
48022750368000,0.301788330078125,0.1502227783203125,9.88922119140625,0
48022752839923,0.3041839599609375,0.1454315185546875,9.86767578125,0
48022755311847,0.2395477294921875,0.1717681884765625,9.870071411132812,0
48022757814289,0.30657958984375,0.1406402587890625,9.843734741210938,0
48022760286213,0.328125,0.1573944091796875,9.90838623046875,0
48022762758136,0.2922210693359375,0.0975494384765625,9.865280151367188,0
48022765230060,0.29461669921875,0.10711669921875,9.848526000976562,0
48022767732502,0.3089752197265625,0.1526031494140625,9.882049560546875,0
48022770204425,0.311370849609375,0.1310577392578125,9.874862670898438,0
48022772676349,0.29461669921875,0.11669921875,9.860488891601562,0
48022775178791,0.2970123291015625,0.0927581787109375,9.865280151367188,0
48022777650714,0.301788330078125,0.13824462890625,9.841339111328125,0
48022780122638,0.320953369140625,0.186126708984375,9.884445190429688,0
48022782594562,0.3305206298828125,0.1502227783203125,9.860488891601562,0
48022785097004,0.2850341796875,0.1885223388671875,9.855712890625,0
48022787568927,0.2730712890625,0.143035888671875,9.879653930664062,0
48022790040851,0.2826385498046875,0.111907958984375,9.884445190429688,0
48022792543293,0.2922210693359375,0.1669769287109375,9.829376220703125,0
48022795015216,0.3137664794921875,0.1406402587890625,9.843734741210938,0
48022797487140,0.316162109375,0.13824462890625,9.850921630859375,0
48022799959064,0.3185577392578125,0.1238861083984375,9.860488891601562,0
48022802461506,0.316162109375,0.1047210693359375,9.896408081054688,0
48022804933429,0.3401031494140625,0.1095123291015625,9.90838623046875,0
48022807435871,0.3305206298828125,0.090362548828125,9.862884521484375,0
48022809907795,0.3041839599609375,0.133453369140625,9.822189331054688,0
48022812379718,0.2970123291015625,0.1526031494140625,9.896408081054688,0
48022814851642,0.3233489990234375,0.1358489990234375,9.8988037109375,0
48022817323566,0.328125,0.164581298828125,9.86767578125,0
48022819826007,0.2970123291015625,0.1478271484375,9.843734741210938,0
48022822297931,0.311370849609375,0.1837310791015625,9.843734741210938,0
48022824769855,0.3089752197265625,0.13824462890625,9.8365478515625,0
48022827272297,0.30657958984375,0.1478271484375,9.86767578125,0
48022829744220,0.289825439453125,0.1669769287109375,9.865280151367188,0
48022832216144,0.299407958984375,0.10711669921875,9.850921630859375,0
48022834688068,0.280242919921875,0.1502227783203125,9.843734741210938,0
48022837190509,0.30657958984375,0.1621856689453125,9.886825561523438,0
48022839662433,0.311370849609375,0.11669921875,9.874862670898438,0
48022842134357,0.316162109375,0.1310577392578125,9.826980590820312,0
48022844636798,0.320953369140625,0.1597900390625,9.8988037109375,0
48022847108722,0.299407958984375,0.143035888671875,9.865280151367188,0
48022849580646,0.2874298095703125,0.1526031494140625,9.874862670898438,0
48022852083088,0.3041839599609375,0.1238861083984375,9.860488891601562,0
48022854585529,0.320953369140625,0.1238861083984375,9.884445190429688,0
48022857057453,0.3520660400390625,0.121490478515625,9.84613037109375,0
48022859529377,0.2826385498046875,0.0879669189453125,9.850921630859375,0
48022862031818,0.2970123291015625,0.121490478515625,9.8365478515625,0
48022864503742,0.328125,0.1669769287109375,9.838943481445312,0
48022866975666,0.3089752197265625,0.102325439453125,9.776702880859375,0
48022869447589,0.332916259765625,0.121490478515625,9.848526000976562,0
48022871950031,0.320953369140625,0.1573944091796875,9.862884521484375,0
48022874421955,0.2778472900390625,0.164581298828125,9.822189331054688,0
48022876893879,0.29461669921875,0.164581298828125,9.858108520507812,0
48022879396320,0.316162109375,0.0783843994140625,9.850921630859375,0
48022881868244,0.3401031494140625,0.1047210693359375,9.84613037109375,0
48022884340168,0.311370849609375,0.1717681884765625,9.84613037109375,0
48022886812091,0.3041839599609375,0.195709228515625,9.853317260742188,0
48022889314533,0.26348876953125,0.1765594482421875,9.858108520507812,0
48022891786457,0.311370849609375,0.090362548828125,9.896408081054688,0
48022894258381,0.320953369140625,0.099945068359375,9.862884521484375,0
48022896760822,0.2970123291015625,0.1406402587890625,9.838943481445312,0
48022899232746,0.2970123291015625,0.1526031494140625,9.84613037109375,0
48022901704670,0.2922210693359375,0.1885223388671875,9.831771850585938,0
48022904176593,0.30657958984375,0.1717681884765625,9.848526000976562,0
48022906679035,0.2922210693359375,0.1047210693359375,9.843734741210938,0
48022909150959,0.30657958984375,0.1095123291015625,9.891616821289062,0
48022911622882,0.311370849609375,0.1406402587890625,9.865280151367188,0
48022914125324,0.3041839599609375,0.164581298828125,9.8988037109375,0
48022916597248,0.3401031494140625,0.11669921875,9.860488891601562,0
48022919069172,0.320953369140625,0.111907958984375,9.8245849609375,0
48022921541095,0.2970123291015625,0.1526031494140625,9.865280151367188,0
48022924043537,0.30657958984375,0.1621856689453125,9.855712890625,0
48022926515461,0.311370849609375,0.1262664794921875,9.862884521484375,0
48022928987384,0.328125,0.154998779296875,9.879653930664062,0
48022931489826,0.29461669921875,0.1765594482421875,9.882049560546875,0
48022933961750,0.3401031494140625,0.102325439453125,9.862884521484375,0
48022936433673,0.29461669921875,0.133453369140625,9.855712890625,0
48022938905597,0.27545166015625,0.154998779296875,9.8365478515625,0
48022941408039,0.27545166015625,0.1573944091796875,9.882049560546875,0
48022943879963,0.2850341796875,0.1502227783203125,9.882049560546875,0
48022946351886,0.316162109375,0.133453369140625,9.894012451171875,0
48022948854328,0.3137664794921875,0.1310577392578125,9.843734741210938,0
48022951326252,0.299407958984375,0.1262664794921875,9.843734741210938,0
48022953798175,0.3041839599609375,0.1621856689453125,9.860488891601562,0
48022956270099,0.311370849609375,0.1406402587890625,9.826980590820312,0
48022958772541,0.32574462890625,0.1789398193359375,9.915557861328125,0
48022961244464,0.311370849609375,0.16937255859375,9.87725830078125,0
48022963716388,0.311370849609375,0.11669921875,9.886825561523438,0
48022966218830,0.311370849609375,0.111907958984375,9.819793701171875,0
48022968690754,0.311370849609375,0.1262664794921875,9.872467041015625,0
48022971162677,0.2826385498046875,0.133453369140625,9.8365478515625,0
48022973634601,0.280242919921875,0.1406402587890625,9.834152221679688,0
48022976137043,0.301788330078125,0.1262664794921875,9.872467041015625,0
48022978608966,0.2730712890625,0.099945068359375,9.865280151367188,0
48022981080890,0.3520660400390625,0.1717681884765625,9.894012451171875,0
48022983583332,0.3137664794921875,0.1190948486328125,9.853317260742188,0
48022986055256,0.320953369140625,0.174163818359375,9.841339111328125,0
48022988527179,0.316162109375,0.164581298828125,9.855712890625,0
48022990999103,0.32574462890625,0.1406402587890625,9.886825561523438,0
48022993501545,0.289825439453125,0.121490478515625,9.872467041015625,0
48022995973468,0.299407958984375,0.13824462890625,9.843734741210938,0
48022998475910,0.3041839599609375,0.133453369140625,9.843734741210938,0
48023000947834,0.3089752197265625,0.1047210693359375,9.829376220703125,0
48023003419757,0.32574462890625,0.111907958984375,9.843734741210938,0
48023005891681,0.316162109375,0.09515380859375,9.9107666015625,0
48023008363605,0.311370849609375,0.174163818359375,9.841339111328125,0
48023010866047,0.301788330078125,0.1310577392578125,9.8988037109375,0
48023013337970,0.332916259765625,0.1573944091796875,9.874862670898438,0
48023015809894,0.320953369140625,0.133453369140625,9.872467041015625,0
48023018312336,0.289825439453125,0.1478271484375,9.872467041015625,0
48023020784259,0.3089752197265625,0.164581298828125,9.829376220703125,0
48023023256183,0.2970123291015625,0.174163818359375,9.872467041015625,0
48023025728107,0.29461669921875,0.1597900390625,9.870071411132812,0
48023028230548,0.2850341796875,0.1406402587890625,9.8245849609375,0
48023030702472,0.311370849609375,0.1358489990234375,9.81500244140625,0
48023033174396,0.332916259765625,0.1406402587890625,9.841339111328125,0
48023035676838,0.316162109375,0.1454315185546875,9.855712890625,0
48023038148761,0.289825439453125,0.1478271484375,9.87725830078125,0
48023040620685,0.320953369140625,0.1478271484375,9.858108520507812,0
48023043123127,0.328125,0.1478271484375,9.872467041015625,0
48023045595050,0.32574462890625,0.121490478515625,9.87725830078125,0
48023048066974,0.3472900390625,0.121490478515625,9.870071411132812,0
